cargo_volume,temperature,precipitation,traffic_volume,terminal_code,day_of_week,time_block,wait_time_mins
1360.0,29.07848545736219,0,265,HJNC,TUE,00-06,71
1794.0,7.060744626904114,5,142,PNC,SAT,18-24,79
1630.0,6.716867464674539,50,309,HJNC,TUE,00-06,144
1595.0,17.83371764231835,0,590,HJNC,WED,00-06,109
2138.0,18.488269407478086,20,334,PNC,FRI,06-12,143
2669.0,11.117835229660567,20,533,HPNT,WED,12-18,152
966.0,9.93767130486895,0,421,HPNT,TUE,12-18,87
1738.0,12.23664517870472,5,119,PNC,WED,18-24,85
830.0,28.747038477649035,0,428,PNIT,FRI,00-06,116
1982.0,10.75251055642595,0,328,PNC,THU,06-12,67
2635.0,32.29693063864201,20,351,PNIT,MON,12-18,141
3419.0,12.680169361834672,5,304,HJNC,SAT,18-24,102
630.0,32.714031193140116,50,313,HPNT,THU,12-18,151
2185.0,27.477435584108406,0,473,PNIT,TUE,18-24,115
1269.0,6.309409517712311,50,262,PNIT,THU,12-18,187
2891.0,28.86386395834772,50,149,HJNC,WED,18-24,136
2015.0,-5.0471522109498155,50,161,HPNT,FRI,12-18,204
3353.0,31.62712289043565,0,357,HJNC,THU,12-18,132
2933.0,18.423958178730125,0,524,HPNT,THU,00-06,115
1715.0,-7.5524163164959965,0,597,HPNT,FRI,18-24,119
1455.0,18.99155256428652,0,161,HJNC,WED,18-24,81
2824.0,33.84114443651403,20,136,PNIT,MON,00-06,85
1684.0,-6.858970542341698,0,232,PNC,THU,00-06,59
959.0,14.960946940103884,0,214,HPNT,SAT,12-18,76
521.0,23.65074573917176,0,139,HPNT,TUE,12-18,61
2800.0,26.461636401478913,0,504,PNC,SUN,12-18,155
1247.0,8.622235939435814,0,287,PNC,WED,00-06,50
3404.0,-0.8125048374290653,20,583,HJNC,WED,12-18,195
974.0,-8.094597455242727,20,107,HPNT,THU,00-06,69
1582.0,16.087677069375115,0,591,HJNC,SAT,12-18,121
3058.0,10.380998162042484,50,451,PNC,SUN,00-06,184
,32.693497781736994,50,568,HJNC,FRI,18-24,225
3247.0,-7.2727791528290595,0,246,HPNT,SUN,06-12,97
1475.0,20.842790455070258,20,95,PNIT,THU,12-18,93
2306.0,-8.876520004597428,50,579,PNIT,THU,12-18,201
689.0,-2.285462048025577,20,446,HPNT,FRI,00-06,133
3234.0,10.411054996527536,0,123,HJNC,TUE,18-24,67
1062.0,10.46925992612907,0,465,PNC,FRI,18-24,104
2399.0,20.856524432013977,50,384,PNC,THU,12-18,179
1767.0,30.95958656904905,0,345,PNIT,MON,00-06,77
3379.0,18.756447151171436,5,133,HJNC,FRI,00-06,126
2028.0,32.9090794033179,0,64,PNC,TUE,06-12,69
1146.0,29.672703794509893,5,183,PNC,FRI,18-24,98
2568.0,16.30249079888556,5,527,HPNT,FRI,06-12,155
3388.0,27.520637791347227,20,368,HJNC,WED,18-24,147
2714.0,18.91599246456353,0,441,HJNC,WED,12-18,125
1797.0,-6.4648976084322785,20,528,PNC,THU,12-18,145
2935.0,23.325412546677946,50,417,HJNC,THU,00-06,159
1100.0,-5.72912014296942,0,416,HJNC,SUN,00-06,84
2863.0,16.733725125637058,50,337,HJNC,FRI,00-06,209
2561.0,21.6188092636203,0,427,HPNT,MON,18-24,121
741.0,-7.006257630511515,0,512,PNC,SAT,00-06,67
2541.0,0.3857594266939284,20,62,PNIT,THU,12-18,135
3324.0,,20,585,HJNC,FRI,06-12,192
3112.0,17.734152150480337,50,217,PNC,FRI,12-18,210
3445.0,1.0828708464739218,20,319,PNIT,SAT,12-18,183
1863.0,21.080589701660298,20,119,HPNT,FRI,12-18,144
2639.0,16.854938898276032,5,367,PNC,SAT,06-12,132
1890.0,12.570906496307678,0,425,HPNT,SAT,12-18,112
1978.0,33.928413874463764,5,138,PNC,SUN,18-24,82
3056.0,20.7554199833379,20,306,HPNT,FRI,18-24,177
1275.0,6.894849935056069,0,266,PNC,SUN,06-12,57
534.0,26.003304443459058,5,499,HPNT,FRI,18-24,113
2753.0,29.806248181453448,20,593,PNIT,WED,00-06,156
2455.0,-4.365074821742586,20,190,PNC,SAT,18-24,120
2085.0,-0.9751159969630088,0,210,PNIT,TUE,12-18,76
1521.0,-0.2697845892499142,50,81,HJNC,SAT,18-24,132
3113.0,21.104531422394317,0,201,PNIT,TUE,00-06,106
1629.0,17.13677997739775,5,309,PNC,FRI,00-06,100
2000.0,17.854620411436468,5,328,PNIT,THU,00-06,77
1202.0,32.334798486027545,5,334,PNC,MON,12-18,70
2949.0,24.916018976328765,20,591,HPNT,SUN,00-06,189
3277.0,-4.242838396969757,0,197,HJNC,FRI,12-18,134
2079.0,5.637818709133146,20,116,PNIT,MON,00-06,114
661.0,9.592714077908102,20,328,HJNC,WED,12-18,102
701.0,7.8182714936422215,50,492,PNIT,TUE,12-18,184
2481.0,20.118887412284565,0,448,PNC,SUN,12-18,133
1495.0,30.135189646545314,0,177,PNIT,WED,18-24,89
2817.0,3.7723158585254595,5,386,HJNC,THU,00-06,134
1315.0,14.834471138953354,0,531,PNIT,THU,12-18,112
955.0,25.523423986111354,5,235,HJNC,SAT,00-06,64
1775.0,8.72981264804072,20,218,HJNC,SUN,18-24,107
1516.0,-2.434684222031686,0,309,PNC,SUN,06-12,111
2843.0,11.372793436868673,0,556,HPNT,SUN,00-06,123
3267.0,-7.514986566563719,0,570,HPNT,FRI,00-06,142
837.0,32.40725543010246,0,520,PNIT,SAT,18-24,82
1378.0,,5,210,HJNC,THU,12-18,76
1576.0,9.730552186276018,0,338,PNC,THU,00-06,78
1291.0,13.844656748983677,50,389,HPNT,SAT,06-12,166
,34.338672452927845,0,551,PNC,WED,18-24,127
1263.0,-2.5290179360712646,50,155,PNC,MON,12-18,136
2735.0,-4.850581662443865,20,524,HJNC,TUE,00-06,144
879.0,-9.608223382185539,0,512,PNIT,THU,00-06,62
992.0,-2.9992853408813964,0,532,HJNC,SAT,18-24,102
1680.0,-0.6727159419549569,50,202,HPNT,THU,12-18,171
2562.0,18.376142371239155,20,198,HPNT,WED,12-18,114
564.0,-0.11319443238698135,0,237,PNC,SUN,18-24,82
3068.0,-9.076563337180366,20,180,HJNC,SUN,00-06,116
1867.0,27.19782554761199,5,501,HJNC,TUE,00-06,109
1652.0,6.451806545178506,50,565,PNC,SUN,12-18,189
2527.0,5.916350896133027,20,540,PNIT,SUN,12-18,170
3195.0,3.6115563125566954,0,525,PNC,WED,06-12,127
1995.0,33.89179747158894,20,312,PNC,MON,06-12,90
1662.0,-2.344806221082333,0,587,HPNT,WED,06-12,119
2022.0,30.420712877895582,0,508,HJNC,TUE,12-18,108
3140.0,24.956149946294957,0,585,HPNT,SUN,12-18,165
891.0,-6.5584020025309115,0,344,PNC,TUE,12-18,78
2198.0,34.40280956753819,20,484,HJNC,THU,00-06,133
918.0,2.211468359255475,5,324,PNC,MON,18-24,75
2836.0,-5.563768283991445,20,357,PNC,FRI,12-18,184
878.0,27.319140535659173,0,425,PNIT,THU,00-06,81
2296.0,,20,207,HPNT,SUN,12-18,115
2778.0,17.774846264505534,0,253,HPNT,SAT,18-24,106
2588.0,-2.980861133548008,0,124,PNC,WED,12-18,78
2682.0,11.532325231518286,5,429,PNIT,WED,00-06,100
700.0,25.12502120992462,20,353,PNC,TUE,12-18,117
2363.0,3.6630772164728107,20,111,PNC,SAT,12-18,134
1279.0,4.026042283176865,0,157,PNC,TUE,12-18,75
3477.0,-9.858659227834504,5,236,PNIT,SAT,06-12,133
1002.0,,50,278,HJNC,TUE,12-18,140
2954.0,29.39325313048254,20,97,PNIT,FRI,00-06,121
2251.0,9.87859212369682,20,317,PNC,FRI,00-06,159
1304.0,34.29055246554953,50,303,HJNC,THU,00-06,143
2646.0,7.806858360820666,0,136,PNC,FRI,12-18,138
3231.0,,0,230,PNIT,SAT,18-24,82
2395.0,2.6863569307128117,0,74,PNIT,TUE,00-06,58
3273.0,6.371433851342008,0,437,HJNC,SAT,06-12,145
2070.0,-1.4173305584097413,5,271,PNIT,THU,18-24,82
1460.0,5.617806582472774,20,446,PNC,THU,00-06,135
3160.0,14.625688418928942,20,560,HJNC,SUN,12-18,190
1985.0,34.629779644066225,0,489,HPNT,MON,06-12,94
3190.0,19.889077088230355,20,224,PNC,FRI,00-06,177
,-1.033932051625868,0,360,HPNT,WED,06-12,81
1002.0,-7.976735128380199,0,323,HJNC,WED,18-24,62
3314.0,,0,84,HJNC,MON,00-06,83
897.0,15.31498405728713,0,266,PNC,TUE,12-18,81
1370.0,24.432214796754486,20,457,PNIT,MON,06-12,96
3342.0,32.318864328533614,0,568,PNC,TUE,00-06,147
892.0,-9.287957260143063,0,318,PNIT,FRI,18-24,96
706.0,13.52420637028414,5,524,PNIT,FRI,18-24,105
1538.0,11.189031030042955,20,374,PNC,THU,00-06,89
2381.0,19.522475988906677,50,405,HJNC,THU,18-24,169
3439.0,15.181048450940388,5,139,PNC,THU,06-12,103
1984.0,,20,91,HPNT,THU,06-12,91
1363.0,19.613716313713567,5,414,HJNC,WED,06-12,88
3290.0,-4.734472381392421,0,251,PNIT,SUN,06-12,111
1063.0,25.987306112842383,5,415,HJNC,THU,18-24,62
1520.0,-4.454534092765382,0,337,PNC,THU,00-06,73
595.0,21.43387813441117,5,530,HJNC,THU,18-24,86
2423.0,8.726541543827302,20,550,PNIT,TUE,18-24,150
2257.0,13.123283055946906,50,101,PNIT,SAT,00-06,153
3032.0,30.648410646906974,50,152,HJNC,THU,00-06,157
2778.0,30.044767691306895,0,410,HPNT,MON,12-18,127
3296.0,26.803533754476327,5,473,PNIT,THU,06-12,119
2178.0,12.956677120534547,50,254,HPNT,THU,00-06,159
1040.0,23.130791456022493,5,63,PNIT,WED,18-24,31
1559.0,13.080367498346423,50,519,HJNC,SAT,06-12,176
3072.0,29.132273711364988,5,515,PNIT,THU,06-12,148
1683.0,8.124912495480494,20,353,HPNT,SAT,18-24,115
2222.0,,5,476,HPNT,TUE,00-06,128
2319.0,31.95452412029949,20,159,HJNC,FRI,06-12,125
3125.0,23.372117875330346,20,564,HPNT,SAT,06-12,140
3229.0,,0,117,HPNT,SAT,06-12,83
3104.0,-4.075588504303372,50,295,HJNC,THU,06-12,167
2097.0,28.461655254193886,0,438,PNIT,SUN,06-12,88
3193.0,-2.5613971237917426,20,357,HJNC,THU,18-24,106
1295.0,28.441735504880107,50,401,PNIT,THU,00-06,153
1551.0,12.084425302056221,0,115,PNIT,WED,00-06,52
2143.0,8.295055271364689,5,509,PNIT,SUN,06-12,123
1863.0,30.64358504754931,0,396,PNC,FRI,06-12,125
2481.0,17.173294214312506,5,374,PNIT,WED,06-12,101
1854.0,15.947630320837298,0,82,HJNC,WED,18-24,68
2163.0,15.144467508097893,20,117,HJNC,WED,18-24,108
2029.0,6.702628220878914,0,236,HJNC,SUN,12-18,86
2538.0,25.353939658810724,20,241,PNC,TUE,06-12,117
1996.0,1.3759299807097847,5,262,HPNT,FRI,12-18,156
2737.0,32.250273201857375,0,477,PNC,TUE,12-18,137
1908.0,30.229334227113235,20,400,HJNC,TUE,12-18,125
1900.0,5.186614655370418,0,157,HJNC,FRI,00-06,76
1806.0,22.82586964242487,5,289,HPNT,TUE,12-18,80
3180.0,15.795043750231617,0,265,PNC,SUN,06-12,69
3175.0,5.194218589965557,0,226,HJNC,FRI,18-24,118
1472.0,34.4834741597951,20,379,PNIT,SAT,06-12,104
2268.0,-8.864319436828112,0,499,PNIT,SAT,18-24,90
1782.0,1.3690713779578996,5,496,HJNC,THU,00-06,92
1209.0,13.403332750001766,20,586,PNIT,WED,00-06,108
1979.0,13.487885156535373,20,228,HPNT,SAT,06-12,78
1934.0,16.501988372550386,0,444,HJNC,SAT,00-06,90
1148.0,23.82542774103137,0,194,PNC,TUE,18-24,62
817.0,18.05650237336834,5,247,HJNC,FRI,00-06,80
1757.0,17.012665723761664,0,133,HPNT,MON,12-18,95
1183.0,-7.591849168913052,50,134,PNC,TUE,12-18,144
1163.0,6.943862950518422,50,506,HPNT,TUE,00-06,172
2498.0,0.44250828655201957,5,525,PNIT,SUN,06-12,120
2131.0,1.941655022088895,0,302,PNIT,FRI,12-18,142
1995.0,14.94518634531552,50,121,PNIT,MON,18-24,115
1636.0,-1.0222608281676209,0,272,HPNT,MON,06-12,82
2353.0,3.227709545760389,0,325,HPNT,THU,00-06,89
2020.0,0.6688118832803038,20,295,HJNC,TUE,06-12,126
2989.0,32.682632444818765,50,390,PNC,SUN,06-12,179
1063.0,32.509957947699284,0,520,PNC,WED,06-12,109
1791.0,17.447370136822325,20,503,HPNT,SAT,06-12,134
2136.0,31.6035110929355,0,56,HPNT,TUE,00-06,44
3499.0,25.361569046076795,5,237,PNIT,WED,00-06,128
1198.0,16.547654726081394,20,53,HPNT,WED,12-18,73
2660.0,-9.710415482644192,0,174,PNIT,FRI,12-18,113
501.0,24.76323287357318,5,64,HPNT,TUE,18-24,53
1141.0,21.611975371481098,5,574,PNC,FRI,18-24,132
2767.0,,0,289,HJNC,THU,12-18,115
2089.0,24.21909402571123,0,409,HPNT,WED,12-18,105
1354.0,13.081497414864458,0,567,PNIT,MON,06-12,106
2259.0,21.683747209460257,0,369,HJNC,WED,12-18,108
,32.0827439026922,0,280,PNIT,THU,18-24,99
2161.0,6.911225713073883,5,79,PNIT,WED,12-18,71
,21.865482570528144,0,583,HJNC,FRI,06-12,130
1576.0,11.405951810493143,0,205,HJNC,TUE,18-24,64
2207.0,20.34798433162917,0,448,HJNC,MON,00-06,106
3277.0,24.33020009994639,0,395,HPNT,FRI,12-18,170
2195.0,-7.954637480389182,0,244,HJNC,SAT,00-06,73
2233.0,19.097019977689786,20,217,HPNT,TUE,18-24,110
1939.0,0.20335329831250526,0,426,PNC,MON,12-18,126
2794.0,20.151464201340506,0,538,PNC,THU,00-06,97
1335.0,11.074858367021605,5,411,PNIT,WED,12-18,102
702.0,,0,531,PNIT,MON,00-06,80
622.0,-4.446963315748161,50,293,HPNT,SUN,00-06,112
900.0,18.18450582452878,5,220,PNIT,SAT,18-24,71
1266.0,2.5311828017398543,20,562,PNC,THU,12-18,150
793.0,28.384189789876615,0,455,HPNT,TUE,00-06,86
2827.0,,20,256,HPNT,SUN,12-18,174
3431.0,34.837923215557495,0,203,HJNC,MON,12-18,123
697.0,25.820333109227747,0,97,HPNT,THU,06-12,29
2430.0,23.918033169260205,20,50,PNIT,TUE,18-24,107
3299.0,,0,456,PNC,SUN,12-18,132
2691.0,5.120317654554894,0,156,PNIT,SUN,12-18,106
1108.0,10.955714379302577,0,222,PNC,FRI,12-18,119
1647.0,24.802147150201236,50,555,HJNC,WED,18-24,185
686.0,31.17346392850859,0,179,PNC,THU,18-24,62
3011.0,-1.4887404989656918,0,447,HJNC,SUN,12-18,130
2294.0,31.50653681015463,0,343,PNIT,FRI,18-24,130
1159.0,21.303109355932612,20,496,HJNC,SAT,06-12,114
3311.0,17.48468288082674,0,65,HPNT,SAT,18-24,86
2455.0,-1.007142792312722,50,398,HPNT,TUE,06-12,177
2950.0,-7.501373523588225,0,252,PNC,SUN,06-12,102
1869.0,15.580920432857297,5,183,PNIT,SUN,06-12,72
2486.0,19.31820574980016,0,575,PNIT,MON,00-06,95
2034.0,-0.5148347790390293,50,557,PNC,SUN,18-24,183
646.0,15.040529262145537,0,115,HPNT,WED,12-18,59
3411.0,28.54220312431581,0,529,HJNC,TUE,06-12,130
2234.0,27.5779675454759,0,508,PNC,THU,12-18,132
2343.0,31.73098312638337,0,391,HJNC,SUN,06-12,94
988.0,6.464861430059621,5,208,HJNC,WED,12-18,73
,4.312230764791341,0,210,PNIT,SUN,00-06,121
2459.0,23.724170269136387,20,303,HPNT,FRI,06-12,183
2163.0,9.400058229365225,20,576,HJNC,WED,00-06,154
3098.0,-6.0603101187498725,0,598,HPNT,FRI,00-06,153
2885.0,2.7260508801724868,0,204,PNIT,TUE,18-24,91
3419.0,8.836202848917011,0,535,PNC,SUN,12-18,154
1140.0,3.1632391464313407,0,481,PNC,MON,06-12,90
2302.0,4.949250692629473,50,76,PNIT,SAT,00-06,141
3020.0,3.219915777847584,50,61,PNIT,WED,12-18,180
2469.0,-8.132537476761424,50,116,HJNC,MON,18-24,172
2698.0,18.669261537099914,5,591,PNIT,MON,12-18,122
1938.0,16.87815891590612,0,145,PNC,SAT,12-18,75
2134.0,19.402257431540626,0,264,HPNT,WED,18-24,93
762.0,-1.3460546784867642,20,243,HPNT,SUN,18-24,78
2287.0,3.304454372561837,50,339,HPNT,WED,18-24,173
2691.0,17.882716712521503,20,593,HPNT,MON,00-06,150
2893.0,16.983240580696464,20,88,PNIT,THU,12-18,150
1123.0,12.784863920942051,0,255,PNIT,THU,18-24,75
1516.0,5.768596250458883,5,533,HPNT,WED,12-18,125
1380.0,31.08189521486105,0,386,PNIT,MON,12-18,121
2549.0,5.28966090344797,5,545,HJNC,MON,00-06,127
3444.0,10.502862039676323,0,298,PNIT,TUE,12-18,129
1827.0,20.515122392939393,0,123,HJNC,MON,00-06,80
2801.0,14.435964389004386,0,422,HJNC,SAT,18-24,87
952.0,5.6098689363973495,0,187,PNIT,THU,18-24,50
1683.0,9.604015570542941,5,506,HPNT,TUE,12-18,127
2556.0,25.751636803407777,5,493,HJNC,SUN,00-06,114
2182.0,2.5158119968975594,0,402,PNIT,SAT,00-06,82
3363.0,-3.598514210043306,20,460,PNC,SUN,06-12,152
2755.0,4.092344082339968,0,587,HPNT,THU,06-12,101
1654.0,28.22903969695556,5,502,PNC,SAT,18-24,124
903.0,-5.9954628314644,0,468,HJNC,FRI,18-24,128
2699.0,34.62632330176033,0,499,PNC,WED,06-12,114
2601.0,14.345130451744811,50,164,PNIT,FRI,00-06,178
2196.0,34.318058478519234,0,100,HPNT,WED,12-18,61
1127.0,32.25483899386899,50,418,HJNC,THU,12-18,159
1086.0,10.376617139491255,20,564,PNIT,THU,00-06,140
2148.0,-1.0679016427592902,0,259,HPNT,FRI,18-24,108
1943.0,-2.58018505456877,50,484,HJNC,SAT,12-18,184
1945.0,0.7995213741480871,20,276,HJNC,SUN,00-06,107
603.0,21.955968825404177,50,317,HJNC,WED,12-18,140
753.0,2.2827497629169535,0,165,HJNC,WED,00-06,17
3057.0,5.364137132193424,0,409,PNC,TUE,06-12,107
1996.0,10.195046179757664,0,378,PNC,MON,06-12,72
598.0,31.095470618965535,0,89,PNC,SAT,12-18,57
2700.0,-1.4772961951819266,0,231,HJNC,SAT,12-18,121
2384.0,-9.77380513255886,0,539,PNC,TUE,12-18,120
3461.0,-7.2956615329823435,0,258,HPNT,THU,12-18,127
2419.0,30.714485375605307,0,322,HJNC,FRI,06-12,120
1377.0,19.13824091795134,0,168,HPNT,SAT,06-12,43
837.0,2.2868278697513045,20,431,HPNT,WED,00-06,65
3369.0,-2.0263374544964003,20,585,PNC,TUE,12-18,170
1456.0,3.242003148670145,5,307,HJNC,FRI,06-12,95
2204.0,-4.834138273692395,20,532,PNC,SUN,18-24,139
660.0,32.368980962799846,0,558,PNC,FRI,00-06,112
2103.0,25.28927784643701,0,141,PNC,SAT,00-06,84
3348.0,10.807602961064333,0,210,HJNC,MON,00-06,82
897.0,28.92331723018409,0,198,HJNC,WED,18-24,35
1800.0,,20,166,PNC,FRI,18-24,112
1315.0,22.27042558124871,0,507,HPNT,SUN,18-24,84
2027.0,28.525962455618455,5,94,HPNT,WED,06-12,70
2419.0,6.054592023047267,0,283,HJNC,SAT,18-24,93
1915.0,24.085900045282294,5,424,PNIT,TUE,00-06,69
1658.0,3.2782557168939217,20,596,PNC,SUN,12-18,170
1718.0,,0,246,PNC,FRI,00-06,106
900.0,-5.1824269650616275,5,74,PNIT,SUN,00-06,56
1139.0,9.802612092922942,0,444,HJNC,SAT,06-12,41
3235.0,22.837035792384,0,85,HPNT,FRI,00-06,125
959.0,32.30993625070782,5,523,HJNC,SUN,06-12,74
1454.0,17.170864636809323,5,272,HPNT,TUE,06-12,67
969.0,28.841099198108253,50,579,HPNT,SUN,12-18,203
1545.0,27.012259218060215,0,237,HJNC,WED,00-06,74
3297.0,-2.1995626161123614,0,451,PNC,WED,12-18,130
2193.0,11.861784301068415,0,306,PNC,FRI,12-18,146
2585.0,-4.738440901357384,20,185,PNC,SAT,00-06,115
2777.0,20.696892270273572,5,493,HPNT,TUE,00-06,116
1062.0,32.74548507107342,5,467,PNC,THU,18-24,92
2985.0,-3.8309743864559573,0,341,HPNT,WED,18-24,98
2299.0,23.02474088611436,0,178,PNC,SUN,06-12,79
2574.0,18.450716789053743,20,390,HJNC,THU,00-06,136
725.0,16.262226665364487,0,306,PNIT,SUN,06-12,62
1297.0,7.555410560975265,0,149,HPNT,FRI,12-18,129
2831.0,5.980924148921565,0,88,HJNC,THU,12-18,109
3426.0,-7.963786494150046,50,312,HPNT,SAT,18-24,199
1459.0,-0.1941081286593942,0,199,HPNT,SUN,06-12,51
2004.0,-9.31704029709279,0,379,HJNC,SAT,00-06,65
952.0,16.163769751190923,20,169,PNC,SUN,00-06,73
,-5.236604385494102,5,268,HPNT,THU,18-24,63
1158.0,29.28587273133722,0,172,PNIT,SAT,18-24,59
1046.0,13.541435931372437,50,293,PNIT,WED,06-12,132
1715.0,21.48604590764188,0,567,HJNC,FRI,18-24,150
516.0,8.488569132822342,0,70,PNIT,THU,18-24,1
1743.0,15.226091405047189,50,239,HJNC,SUN,18-24,139
2705.0,32.419662963498375,20,274,HJNC,WED,12-18,147
3024.0,,0,515,HPNT,SUN,06-12,107
1569.0,1.427199736566326,50,148,HJNC,THU,00-06,144
3065.0,25.09947471097449,0,412,HJNC,SUN,00-06,125
2646.0,-5.556825690280037,5,132,PNC,WED,06-12,77
2268.0,-6.595250324315012,0,105,HPNT,SAT,18-24,105
1560.0,6.2693629439317355,0,71,PNIT,SAT,18-24,31
2827.0,-5.852441868740546,5,234,PNC,FRI,00-06,107
3044.0,16.32852989927914,0,571,PNC,SUN,12-18,140
801.0,0.18238628674699164,0,313,HPNT,SAT,06-12,60
680.0,30.306408343971754,0,274,HPNT,TUE,18-24,26
1106.0,25.257503638036553,0,87,PNC,WED,12-18,70
1199.0,21.48673427447643,5,172,HPNT,WED,12-18,115
1492.0,17.762481232302587,0,205,HPNT,THU,18-24,39
1639.0,28.855957865365852,5,350,HJNC,FRI,06-12,118
690.0,0.03779276942406007,0,116,HPNT,MON,06-12,49
2800.0,29.289897924390246,20,443,HJNC,SAT,00-06,151
1480.0,25.527153429082354,5,454,PNC,MON,00-06,124
3475.0,23.66723718744585,20,498,PNC,TUE,06-12,152
2506.0,15.256505513371582,20,180,PNIT,FRI,18-24,167
1684.0,1.0809872436770043,0,118,HPNT,WED,06-12,54
627.0,9.059656219635336,0,394,PNC,MON,00-06,54
2565.0,25.71067945424607,0,369,HJNC,TUE,00-06,126
2316.0,-8.5699682039204,50,226,PNC,FRI,00-06,178
2258.0,25.192284616869124,0,578,HPNT,TUE,06-12,129
3113.0,0.8031833219404927,5,209,PNIT,SAT,06-12,93
1069.0,-3.5060859675278637,0,582,PNIT,MON,18-24,70
1846.0,-4.793440681886403,5,184,PNC,THU,00-06,53
2395.0,-8.77374946221332,50,160,PNIT,THU,12-18,179
3233.0,13.56139183496538,50,332,HPNT,FRI,12-18,216
1125.0,,20,569,HPNT,TUE,18-24,116
3401.0,34.52442946008342,0,243,PNIT,WED,18-24,92
2186.0,15.84965401424926,0,96,HJNC,MON,00-06,50
654.0,-3.7951628789795313,5,391,PNIT,THU,06-12,58
3037.0,20.99431433651144,0,291,PNIT,THU,06-12,102
1909.0,30.398460492937637,0,571,PNC,TUE,12-18,80
1284.0,23.533077291632644,5,419,HJNC,THU,00-06,97
745.0,-6.560206253224855,0,180,PNIT,SUN,12-18,43
2000.0,30.31478815366968,0,319,PNC,TUE,12-18,84
2205.0,25.726822363698417,5,110,PNC,MON,00-06,50
3306.0,-2.8763244952473546,0,213,PNC,TUE,18-24,101
1037.0,-7.669635007023241,50,574,HPNT,THU,12-18,205
2390.0,15.078975889143884,0,321,PNC,TUE,18-24,87
,-2.9783884897010395,0,182,PNC,THU,06-12,81
1420.0,27.55659286678724,0,293,HPNT,SAT,12-18,95
2955.0,6.12505955022532,5,483,HPNT,FRI,00-06,166
1024.0,31.080160013145893,5,87,PNC,THU,18-24,31
3375.0,15.455967746345259,5,368,PNIT,SUN,06-12,145
2029.0,-1.7797427092149345,0,559,HJNC,SUN,06-12,101
3450.0,-3.7180509688089955,0,425,HPNT,SUN,12-18,145
535.0,15.941259690098924,5,523,HJNC,SUN,06-12,78
1184.0,24.284762533809975,0,108,HPNT,THU,00-06,37
519.0,25.167754148398195,0,548,PNC,THU,12-18,109
2868.0,2.4090831998576565,50,267,HPNT,FRI,06-12,208
3059.0,-0.8088958489524636,50,178,PNC,SAT,00-06,131
899.0,-9.245966297842791,0,432,HJNC,WED,18-24,77
3201.0,20.56396180405262,0,437,PNIT,THU,18-24,149
1471.0,-6.554428370490745,50,134,PNC,WED,12-18,150
2406.0,8.934254079466662,5,559,HJNC,MON,00-06,113
3018.0,17.075697380823325,20,486,HJNC,SAT,06-12,143
1666.0,32.16990252138547,20,342,HPNT,TUE,12-18,119
1615.0,4.03109616300959,0,98,PNC,WED,12-18,54
1333.0,1.2397473100933905,50,116,HJNC,SUN,06-12,120
2323.0,19.43720694287443,50,178,PNIT,SAT,00-06,146
3274.0,17.865756442411175,0,78,HPNT,MON,06-12,92
2482.0,4.944940248865606,20,392,HPNT,SAT,18-24,121
1353.0,31.764582597940397,0,594,HJNC,TUE,12-18,146
550.0,28.018804737033477,5,168,PNC,THU,18-24,31
1074.0,0.07921456392865167,5,182,HPNT,THU,12-18,79
1648.0,0.7614145445535438,0,376,PNC,SUN,06-12,69
2697.0,13.053515609918627,0,234,HJNC,THU,00-06,79
2861.0,24.810744577882417,20,555,HJNC,FRI,06-12,178
3117.0,-8.018182927519103,0,583,PNC,FRI,18-24,163
2852.0,21.2000819180618,0,290,PNIT,FRI,00-06,138
2215.0,19.170615382194363,0,565,HPNT,SUN,00-06,103
1181.0,0.4166043160844701,0,214,HJNC,FRI,12-18,82
1337.0,20.660885595860695,5,267,PNIT,MON,00-06,91
1577.0,32.308243606343716,20,54,PNIT,SUN,12-18,82
2991.0,-7.894636976270417,5,130,PNC,SAT,00-06,86
3160.0,4.3843424881428135,20,296,PNC,MON,00-06,133
2811.0,9.717952249985988,0,542,PNC,THU,12-18,138
2095.0,30.46671615161103,5,435,PNIT,TUE,00-06,81
,33.30176509741205,0,356,HPNT,FRI,06-12,98
1626.0,9.985186092334953,20,592,PNC,SAT,00-06,89
1719.0,23.751278546398602,0,56,HPNT,TUE,18-24,64
1273.0,13.924746069401735,5,564,PNC,SUN,12-18,136
1376.0,14.200232063361941,0,122,PNIT,SUN,12-18,83
1491.0,2.5144781779860406,50,59,HPNT,MON,06-12,116
3431.0,-0.2369689361254217,5,171,HPNT,FRI,18-24,135
546.0,2.9602405665818523,5,562,PNIT,SUN,00-06,74
3414.0,15.03476032656857,5,490,HPNT,MON,06-12,135
3370.0,-8.688016629005995,0,87,PNIT,MON,00-06,95
3483.0,30.826202496038263,0,394,PNIT,WED,06-12,102
3203.0,-2.96723307026007,0,387,HJNC,SAT,12-18,130
768.0,-0.09600954078760537,5,233,PNC,MON,18-24,49
869.0,13.322427940144085,0,116,HJNC,THU,12-18,76
1135.0,21.95516448517757,5,66,PNIT,SUN,06-12,32
1629.0,-5.692192536502121,0,432,PNIT,MON,00-06,95
2193.0,4.296261389622298,20,417,HPNT,FRI,18-24,154
2182.0,33.59035725084607,0,365,PNIT,SUN,00-06,88
1156.0,1.805433505142556,0,546,PNIT,SUN,12-18,117
619.0,,5,394,PNIT,THU,00-06,63
1330.0,27.642432077811506,0,522,PNC,MON,06-12,90
2310.0,-7.740350573929513,50,164,HJNC,THU,18-24,164
1581.0,10.907592596403688,5,149,HJNC,MON,18-24,52
2474.0,7.082754400325161,0,487,PNC,SAT,18-24,112
1869.0,4.246404195889301,0,394,PNC,THU,06-12,100
1240.0,2.8564817320144034,0,398,PNC,TUE,00-06,81
616.0,-5.888165281281586,20,188,HJNC,WED,18-24,90
2353.0,4.167162320824197,20,373,HJNC,THU,12-18,142
3338.0,-8.062641877794913,5,351,PNIT,FRI,12-18,179
1650.0,25.143373863999585,0,343,HJNC,WED,12-18,113
2431.0,7.920250728110524,50,578,HPNT,WED,12-18,186
1512.0,9.975672454396022,50,341,HJNC,MON,12-18,163
2164.0,30.21175639025592,0,123,PNC,THU,06-12,71
1581.0,19.612474273754934,20,533,HJNC,SAT,00-06,138
1133.0,-9.63734034960461,0,65,PNIT,SUN,06-12,42
1012.0,32.442867033257826,5,575,HJNC,WED,12-18,136
3349.0,0.6715009689970053,0,385,PNC,FRI,12-18,157
1619.0,-5.157361685806352,5,565,HPNT,SAT,18-24,87
1641.0,24.565768027139697,5,176,PNC,SAT,18-24,79
1059.0,,0,567,HPNT,FRI,00-06,116
987.0,9.519675470810789,20,178,PNIT,SUN,00-06,64
1396.0,1.2276385857233798,0,560,PNIT,FRI,00-06,149
1712.0,14.63621704380434,0,472,HJNC,MON,06-12,102
1203.0,2.3473072341164354,0,434,PNIT,TUE,18-24,87
1970.0,30.57123523791804,0,281,PNIT,SUN,00-06,101
1080.0,-0.3157984120063251,5,244,PNC,THU,18-24,57
3337.0,29.79598177050891,20,114,PNC,WED,18-24,139
3408.0,,50,326,HJNC,THU,18-24,192
2794.0,27.281966025285847,0,273,HJNC,SAT,18-24,84
653.0,22.07806981374297,50,327,HJNC,WED,18-24,130
2179.0,21.351280014653685,5,415,HJNC,SUN,18-24,105
1496.0,4.595561346277508,0,565,PNC,MON,06-12,113
3244.0,0.5253619162491567,50,264,HJNC,THU,12-18,176
1743.0,-0.5101197543645348,0,488,HJNC,MON,18-24,67
1592.0,28.57362456768149,0,477,PNIT,MON,06-12,77
1508.0,26.9192069116559,5,445,HJNC,SUN,00-06,91
2641.0,9.82580876055383,50,258,HPNT,THU,06-12,174
2273.0,-4.041792392659543,0,550,PNIT,THU,06-12,103
1457.0,7.201351338985628,50,512,PNC,SUN,06-12,171
952.0,17.870455436161013,50,276,HPNT,SUN,18-24,155
1727.0,10.448141951597876,20,424,HJNC,WED,00-06,91
3459.0,25.108517081734774,50,549,PNIT,SAT,06-12,207
2765.0,34.89302700131235,5,142,HJNC,SAT,00-06,123
3021.0,-1.3990560197996427,0,509,PNIT,SUN,06-12,110
2979.0,10.684286884680759,5,370,HJNC,FRI,18-24,131
2888.0,9.39427558643699,0,59,HPNT,MON,06-12,81
1050.0,3.7021639737027865,0,352,PNC,SAT,06-12,58
2135.0,-1.0857017475869686,50,371,HPNT,TUE,00-06,180
1812.0,-7.043854757965335,20,505,HPNT,SUN,00-06,163
2257.0,29.920369275066427,0,327,PNC,SUN,00-06,88
856.0,8.893191395884294,20,587,PNIT,WED,12-18,176
2570.0,12.3602983325022,20,442,PNIT,SUN,00-06,128
2285.0,31.262392169041213,20,144,PNC,WED,06-12,97
3069.0,24.93307148821765,50,156,HJNC,FRI,12-18,197
2281.0,-4.12744311472671,0,439,PNIT,FRI,00-06,122
3349.0,15.443898542348407,0,575,HPNT,SUN,18-24,130
3309.0,9.901352443380162,20,120,PNC,MON,00-06,124
,25.874498266044327,0,425,HPNT,WED,18-24,93
2131.0,22.590464642537718,50,417,PNIT,WED,12-18,181
3316.0,21.068257485998238,50,100,PNC,TUE,18-24,153
1515.0,5.32451759659536,5,192,PNC,MON,12-18,100
1848.0,26.223367867966452,50,468,PNIT,MON,18-24,170
1015.0,-7.642391698231245,20,597,PNIT,SAT,00-06,121
3339.0,-2.816879435552474,0,549,PNC,FRI,12-18,182
835.0,5.103047284006028,20,216,HJNC,SAT,06-12,52
2282.0,-6.543665151882342,0,309,PNC,MON,06-12,110
2805.0,0.5747424890611228,50,241,HJNC,SUN,06-12,151
996.0,27.356794234906317,50,251,HPNT,TUE,00-06,143
1395.0,32.67131920055357,5,234,HJNC,SUN,06-12,65
2707.0,3.707106009838572,0,207,HJNC,SUN,12-18,95
1351.0,1.9032111794977205,50,148,PNIT,MON,06-12,142
2187.0,2.5951693510892113,5,290,PNC,SAT,12-18,92
2431.0,,5,540,HPNT,THU,06-12,103
3237.0,-8.383141801631215,0,251,PNC,SUN,18-24,102
2927.0,31.711235584899867,20,558,HJNC,SUN,12-18,177
2068.0,-0.38358362933522194,20,145,HJNC,THU,06-12,108
1456.0,8.900183333663222,20,539,HJNC,TUE,06-12,133
3238.0,-9.56409027665645,0,267,PNC,FRI,06-12,130
2136.0,28.607979091177576,20,576,HJNC,WED,12-18,161
1791.0,22.90208050047127,0,322,PNC,MON,12-18,95
1940.0,,0,268,HPNT,SAT,06-12,96
1691.0,25.17269656383796,20,381,HPNT,FRI,18-24,127
1566.0,4.116793042342936,0,502,PNC,SAT,12-18,111
784.0,1.1543011427790635,0,201,HPNT,FRI,12-18,107
2944.0,,20,396,PNIT,MON,18-24,155
511.0,6.385074875472476,0,463,HJNC,WED,00-06,56
2130.0,15.479675708867745,50,576,HJNC,MON,18-24,170
3046.0,-9.71841380380884,0,480,HJNC,WED,06-12,100
1253.0,-7.2151434243786134,5,428,PNIT,SAT,12-18,100
2582.0,14.091557353174306,5,477,HJNC,TUE,12-18,140
3274.0,15.473224090167431,0,133,PNC,WED,12-18,101
3396.0,23.815382500670466,5,241,HJNC,FRI,12-18,170
589.0,-4.061560616921722,0,90,PNC,TUE,00-06,29
1275.0,13.093238769055045,0,358,HPNT,SAT,12-18,100
3152.0,-1.2498560005740131,0,427,PNC,THU,12-18,137
2125.0,-5.806174619678739,20,185,PNC,TUE,00-06,75
917.0,8.472310732724956,20,155,PNC,WED,06-12,56
614.0,-2.6498508359924244,0,568,HJNC,TUE,06-12,96
1116.0,-0.019810981345663947,5,591,PNIT,SAT,00-06,84
1325.0,4.289956094127579,50,175,PNIT,TUE,06-12,141
2149.0,1.6724780334438307,5,406,PNC,SAT,06-12,102
2016.0,-6.058391616732412,0,449,HJNC,THU,18-24,80
912.0,-5.953768981313397,50,128,PNIT,WED,18-24,127
1228.0,-1.3037763144624321,50,438,HPNT,SUN,18-24,146
3308.0,-7.724836541820747,5,584,HPNT,FRI,00-06,174
1175.0,18.19056588546172,50,123,HJNC,TUE,12-18,137
2392.0,2.9297022429005874,50,54,HPNT,SUN,00-06,97
3004.0,2.588568549608196,20,512,HPNT,MON,00-06,161
3467.0,4.939923240699432,0,131,HPNT,FRI,00-06,133
2739.0,19.825832339437476,0,586,PNIT,TUE,00-06,115
3286.0,29.17852466675707,5,454,HPNT,FRI,18-24,168
1622.0,24.158911965003732,20,563,PNC,SUN,00-06,115
2071.0,22.738815360129273,0,327,PNC,MON,18-24,71
1477.0,11.797603352038216,50,273,HPNT,FRI,12-18,195
1508.0,21.221250063533528,50,117,PNC,SUN,06-12,116
2643.0,14.87430656151124,5,369,PNIT,FRI,18-24,135
2187.0,-0.2687262316062,0,68,HJNC,MON,00-06,46
3210.0,-0.6135234516527177,0,392,PNC,MON,12-18,114
536.0,3.337640309387755,5,392,HPNT,MON,00-06,70
2048.0,30.986120193641597,5,146,HJNC,THU,12-18,96
2826.0,14.633667817087666,20,101,HJNC,SAT,06-12,106
2764.0,23.025741965084123,5,224,HPNT,SAT,12-18,110
3414.0,5.595144191744643,0,387,PNC,SUN,12-18,126
1372.0,8.347209679935137,20,402,PNIT,MON,06-12,91
2321.0,-4.349548961323688,50,440,PNC,SUN,06-12,158
1796.0,-2.2917268980248338,50,164,PNC,SAT,12-18,148
2609.0,27.23104496717655,50,397,PNIT,FRI,00-06,222
1095.0,16.317738425999693,50,50,HJNC,MON,18-24,115
2403.0,5.1889609647718515,0,112,PNIT,TUE,00-06,74
1228.0,26.12830440479957,0,275,PNIT,MON,18-24,43
1865.0,1.0933957537092347,20,472,HPNT,MON,06-12,127
896.0,33.921471437009174,20,68,HPNT,SAT,00-06,69
,5.5167923485776384,50,80,PNC,SUN,06-12,140
2724.0,5.1789929368052405,0,73,HPNT,WED,12-18,91
2135.0,4.0360357491517345,20,260,PNIT,FRI,12-18,152
895.0,-4.504981783407043,0,210,PNIT,SAT,00-06,37
2992.0,-4.998828370059441,5,304,HPNT,SUN,06-12,108
575.0,19.164726554035553,0,163,HPNT,SUN,00-06,34
764.0,29.380312005112117,50,553,HPNT,FRI,00-06,202
3002.0,25.573422962225308,50,269,PNIT,SUN,18-24,185
2319.0,-3.650158269039201,0,406,HJNC,TUE,12-18,102
1217.0,14.551195480642988,20,218,HJNC,THU,00-06,85
3282.0,,20,573,HPNT,WED,12-18,219
1350.0,-7.961741037411515,20,291,PNC,TUE,18-24,74
1890.0,19.537363672314527,50,424,PNC,TUE,06-12,162
643.0,14.081855015615766,20,188,HJNC,FRI,00-06,112
1384.0,-6.308934165483811,0,146,HPNT,WED,12-18,68
895.0,-8.42773391173052,0,196,PNIT,FRI,00-06,72
3495.0,34.53903860342006,5,231,PNC,THU,06-12,103
3438.0,-8.649040053291765,20,106,PNC,SUN,00-06,103
1992.0,10.003771387257185,0,91,PNIT,FRI,00-06,86
1667.0,12.707856107346302,5,592,PNIT,MON,12-18,145
3116.0,-4.722393348979973,50,51,HPNT,FRI,06-12,163
1562.0,-2.3922199702127687,20,337,PNIT,SUN,18-24,108
2656.0,5.831225288465863,0,187,PNIT,MON,06-12,98
1565.0,24.27541442961482,0,561,PNIT,TUE,06-12,97
,12.818709082712001,5,271,HJNC,THU,18-24,72
3482.0,18.70558435488327,0,380,PNIT,SUN,00-06,127
2945.0,34.332854979080366,20,453,PNC,SAT,12-18,150
1133.0,24.56024458909443,0,557,HPNT,MON,00-06,94
1656.0,9.546267416354798,0,176,HPNT,THU,00-06,58
1738.0,,0,314,HPNT,FRI,18-24,107
1232.0,17.844743466845227,50,64,HJNC,SAT,18-24,141
734.0,19.941434378850694,0,275,PNC,FRI,00-06,99
3205.0,,20,154,PNIT,SUN,06-12,141
1250.0,19.018755026674096,0,542,PNC,TUE,12-18,96
3135.0,-8.941037751365556,20,368,HPNT,SUN,06-12,124
1453.0,9.333028875357986,0,268,PNIT,SUN,00-06,72
3039.0,2.552213423306455,50,326,HPNT,SUN,00-06,183
3460.0,-4.1871499640600325,20,390,HPNT,FRI,12-18,168
2042.0,-5.520406923605119,0,501,HPNT,MON,06-12,106
1697.0,17.143647452660037,0,418,PNC,TUE,00-06,116
2176.0,13.562024621867529,5,523,PNC,THU,00-06,141
1691.0,1.4112852648366125,50,239,HPNT,TUE,18-24,132
2717.0,11.192752644763154,50,468,HPNT,THU,12-18,216
1916.0,12.150454183208375,20,544,PNIT,WED,18-24,119
3493.0,-1.2245958802622887,0,88,HPNT,MON,18-24,87
3342.0,19.34418778467428,5,211,HPNT,MON,18-24,93
3181.0,25.14137103737407,50,170,HPNT,THU,00-06,148
1717.0,25.61585934002835,0,448,HPNT,FRI,06-12,132
2040.0,17.111142381655476,50,311,PNC,SAT,18-24,161
2576.0,13.023736213355633,0,178,HPNT,FRI,06-12,115
1945.0,-7.25467856475723,0,589,HJNC,WED,00-06,117
2886.0,2.952408448322263,0,405,HPNT,THU,18-24,111
2019.0,-5.802784894982355,50,481,PNC,WED,00-06,157
1888.0,33.37204223953131,50,114,HJNC,THU,18-24,137
2356.0,-3.9213934198407685,5,267,HJNC,WED,18-24,88
1865.0,-3.170106556700408,50,476,HPNT,THU,00-06,167
999.0,30.03094782487215,0,123,HPNT,MON,12-18,48
2180.0,32.4767727564406,50,509,PNC,WED,12-18,176
1010.0,24.462306765570943,20,474,HJNC,WED,06-12,99
716.0,-9.756778434729856,0,241,HJNC,THU,06-12,56
1824.0,-9.939417806954634,5,238,PNC,TUE,00-06,76
1655.0,7.014534640435286,20,61,HPNT,TUE,00-06,105
2327.0,-3.5472083495098357,20,288,PNIT,MON,00-06,114
2310.0,-9.172623603178122,0,502,PNIT,FRI,12-18,159
2992.0,10.88300102320271,0,432,HJNC,FRI,12-18,163
3423.0,32.43778538331372,20,97,HJNC,MON,18-24,102
1705.0,4.571880870609414,5,366,HPNT,FRI,18-24,117
2714.0,19.751330529291344,0,258,PNIT,SAT,00-06,74
590.0,19.350590890959833,20,596,HJNC,SAT,00-06,110
1213.0,1.2986046649325491,0,168,HPNT,SAT,06-12,24
2381.0,19.269136197073895,0,364,PNIT,SUN,12-18,112
538.0,-0.444971157089892,0,85,PNC,SUN,00-06,31
672.0,-4.509666389039993,0,512,HJNC,SAT,12-18,97
1152.0,21.562247850186054,0,452,PNC,THU,00-06,56
1253.0,-4.895163230323747,0,156,PNIT,TUE,18-24,57
1743.0,34.86091483652099,20,88,HPNT,MON,00-06,93
1581.0,-1.7446419482396802,50,229,HPNT,THU,18-24,125
2183.0,16.73638382404059,0,61,PNIT,SAT,06-12,74
3023.0,8.511855713566522,20,388,PNC,MON,06-12,142
955.0,-4.31261099174498,0,597,HPNT,TUE,06-12,87
1328.0,-8.747024159016398,0,175,HJNC,FRI,00-06,92
1394.0,18.0229527031775,0,112,PNC,THU,06-12,73
1884.0,26.30409037051067,0,131,PNC,TUE,00-06,58
2458.0,27.890704767803477,50,348,HJNC,MON,12-18,181
2934.0,11.72210628846205,5,83,PNIT,WED,18-24,115
2496.0,24.985496023207354,0,98,HPNT,THU,12-18,87
2895.0,20.278121006984513,50,106,PNC,SUN,00-06,158
689.0,22.591453737460995,50,158,HPNT,MON,06-12,111
1004.0,12.166955234981636,5,566,HPNT,MON,18-24,70
1714.0,18.50352831089572,0,73,PNC,SUN,06-12,46
2031.0,26.248666110922564,5,270,PNIT,TUE,12-18,121
1323.0,7.904787900066037,5,364,PNC,MON,00-06,68
1428.0,26.269050539041267,50,343,PNIT,THU,18-24,167
1433.0,16.640757925507828,0,59,HJNC,SAT,18-24,56
1640.0,-2.5344539033146187,0,530,PNIT,SUN,00-06,80
633.0,-8.889212924893693,5,316,PNIT,THU,00-06,43
2605.0,6.323912017961842,5,137,PNC,SUN,18-24,64
1184.0,14.601334773335292,0,504,HPNT,MON,12-18,97
3219.0,27.79191584915698,0,582,HPNT,TUE,12-18,136
2720.0,-4.263144393688921,50,197,PNIT,THU,06-12,177
2352.0,26.00928564576106,0,480,PNIT,WED,18-24,87
1314.0,28.835407073025216,20,291,PNC,SAT,00-06,82
1672.0,-3.21906308496248,5,115,PNIT,SUN,00-06,85
579.0,28.321744368689856,0,427,PNC,FRI,00-06,90
3433.0,34.61541055292564,0,437,HJNC,TUE,00-06,128
702.0,22.707747397170692,20,258,PNIT,TUE,18-24,86
3311.0,25.31463568212446,50,464,HJNC,FRI,12-18,225
1752.0,34.748687040149306,0,65,PNIT,FRI,06-12,93
2199.0,17.24665627366754,5,346,PNIT,THU,12-18,125
1750.0,3.8548871907312225,5,269,HJNC,MON,06-12,89
2182.0,27.688887533422502,0,416,HJNC,MON,00-06,85
2055.0,17.651859988023407,0,278,PNC,WED,00-06,83
,16.153794067443044,0,489,PNC,SAT,18-24,108
1756.0,1.4135999981317227,50,581,HJNC,SUN,00-06,179
2049.0,24.0350421312299,50,499,PNIT,MON,18-24,164
1666.0,-6.324972586295669,20,85,PNC,WED,18-24,78
1896.0,31.592918185759757,5,471,PNIT,WED,18-24,117
3203.0,4.662055734671814,0,238,HPNT,TUE,00-06,68
970.0,-4.25014062445043,50,227,PNC,TUE,00-06,121
1535.0,9.906493989608848,0,364,PNC,SAT,12-18,106
1853.0,-8.088854083456008,0,69,PNC,THU,06-12,37
3283.0,20.808178741923484,0,431,HPNT,FRI,12-18,174
3331.0,30.621747970041028,50,192,HJNC,FRI,00-06,207
1467.0,27.676835321232893,50,111,PNIT,SAT,06-12,123
857.0,-4.2683736948453515,0,291,HPNT,WED,18-24,60
1167.0,-4.317798830152066,50,287,HJNC,SAT,06-12,161
872.0,26.604551704591884,0,180,PNC,FRI,18-24,65
1531.0,31.591442357140217,0,172,HJNC,WED,00-06,37
1645.0,10.730142342507012,20,489,HJNC,FRI,06-12,145
1871.0,12.453700261119469,5,391,HJNC,THU,18-24,79
,4.321791862357665,0,468,PNIT,TUE,12-18,147
589.0,30.241930321538632,20,504,HJNC,TUE,12-18,115
3245.0,19.02063073815602,0,247,HJNC,WED,18-24,108
,,5,331,HJNC,SAT,12-18,95
3279.0,3.445229197441323,0,50,HJNC,FRI,12-18,120
1368.0,30.104003287862106,0,381,HPNT,MON,06-12,61
540.0,,20,261,HPNT,THU,12-18,76
1239.0,4.522695772698729,0,136,HJNC,FRI,06-12,94
2446.0,14.946050654736606,0,110,HJNC,SUN,00-06,77
3049.0,-3.3302142055303916,50,144,HJNC,MON,12-18,174
1724.0,-5.85555606101846,0,196,PNC,THU,00-06,73
1428.0,26.6874348990752,0,295,HJNC,THU,12-18,71
2536.0,30.24819748918283,0,346,HJNC,TUE,18-24,82
3008.0,27.062288935918524,50,172,HPNT,WED,18-24,147
3279.0,30.445455038180647,50,505,HPNT,FRI,00-06,235
3299.0,14.890038697626718,0,448,HPNT,THU,00-06,111
1424.0,26.551615444565385,50,280,PNIT,FRI,00-06,149
3456.0,7.281918727599518,5,583,PNC,THU,18-24,146
2081.0,19.98205376655673,0,451,HJNC,SAT,00-06,105
889.0,34.4975989125124,5,179,HPNT,TUE,18-24,51
2117.0,0.1577475727607336,20,341,PNIT,WED,00-06,133
3430.0,7.545488583098628,5,325,HJNC,MON,06-12,130
755.0,11.602131978953853,0,425,HJNC,MON,06-12,84
1208.0,-3.7893030840976722,50,104,HPNT,SAT,12-18,151
2338.0,-6.353262529072445,50,75,HJNC,SUN,06-12,142
2444.0,27.337528984473096,0,490,HJNC,TUE,00-06,89
,33.95574677724138,50,246,HJNC,THU,06-12,164
509.0,8.21262787233464,5,292,HPNT,TUE,06-12,49
3371.0,-6.0557573712406025,20,239,PNIT,WED,00-06,117
1297.0,,0,325,HJNC,MON,06-12,59
1376.0,30.10931928621344,0,458,PNIT,FRI,00-06,91
1528.0,10.871641237745596,5,389,HJNC,MON,06-12,100
1515.0,4.401229245307636,5,202,HPNT,SUN,00-06,52
2324.0,11.440757205772979,5,447,PNIT,SUN,18-24,120
873.0,4.3236842611556305,0,493,HPNT,SUN,18-24,96
2693.0,12.006609888842899,0,476,PNC,SUN,12-18,119
723.0,28.680037861307156,50,536,HJNC,WED,06-12,144
1762.0,16.653561697794306,50,253,PNC,THU,12-18,173
2724.0,21.259419776457893,20,161,PNC,TUE,00-06,104
2302.0,6.410180430545147,0,374,PNC,MON,18-24,81
1352.0,23.23276453297334,50,307,HJNC,SUN,00-06,149
562.0,19.997768819571753,20,577,HPNT,MON,12-18,117
1740.0,-4.61971010115746,20,399,PNC,SUN,00-06,146
3374.0,15.768928390201307,5,484,PNIT,FRI,00-06,171
3342.0,1.553457333939111,0,475,HJNC,TUE,00-06,134
1188.0,26.18430513351168,5,329,HPNT,FRI,00-06,102
1984.0,,0,420,HPNT,FRI,18-24,149
2133.0,34.76078743384192,50,298,PNC,SUN,00-06,146
2652.0,-5.83748029274663,20,230,HJNC,THU,00-06,127
1010.0,25.115653823307134,0,127,PNC,MON,18-24,22
884.0,20.31657800939704,50,385,PNIT,SAT,00-06,175
904.0,24.537447376581746,20,99,HPNT,TUE,00-06,80
3370.0,3.838840797070535,20,134,HPNT,THU,12-18,126
1017.0,12.142452022208026,5,53,HJNC,SAT,18-24,51
975.0,,0,366,HPNT,THU,06-12,82
2500.0,0.46435992293847406,0,160,HJNC,SUN,00-06,62
3256.0,0.17149385548934326,50,383,PNC,SUN,12-18,201
2168.0,14.797292898271955,20,182,PNIT,THU,18-24,86
2393.0,13.56036107884351,0,168,HJNC,WED,00-06,81
3318.0,2.701811168581978,0,399,PNC,WED,06-12,118
1960.0,3.413404273617024,50,591,PNIT,THU,00-06,183
3224.0,2.5030323442954465,5,104,HPNT,WED,12-18,100
1213.0,24.718042789931943,0,410,PNIT,TUE,18-24,72
582.0,19.335538950310728,0,502,PNIT,MON,12-18,81
1668.0,27.458773253461374,0,379,PNIT,SAT,18-24,88
3004.0,33.89628627413098,0,268,HPNT,SUN,06-12,81
2401.0,11.33739333223939,20,257,HJNC,TUE,00-06,101
2548.0,-6.998775336754802,0,134,HJNC,MON,12-18,106
550.0,-7.835846031458406,0,294,PNIT,WED,06-12,43
1184.0,3.3049267672228613,20,384,PNC,SAT,06-12,128
1216.0,31.96450652086029,0,261,PNC,TUE,00-06,63
1969.0,13.544587473689369,20,232,PNIT,FRI,12-18,125
948.0,2.2303932236058124,0,182,PNIT,SUN,00-06,27
1380.0,7.962505752995881,50,399,PNC,THU,00-06,143
987.0,16.936779833210185,50,331,PNIT,SUN,18-24,148
2323.0,19.3827346162029,0,342,PNIT,MON,18-24,100
2581.0,-3.0736220597692734,0,318,HJNC,MON,00-06,86
2642.0,33.966425444532916,5,246,HJNC,FRI,18-24,143
2074.0,14.514750214225497,20,586,PNIT,FRI,12-18,195
2701.0,-3.8940256993474316,0,69,PNIT,THU,18-24,66
749.0,30.21358640057602,50,454,HPNT,WED,06-12,162
1173.0,-6.641270601425704,50,164,HJNC,SUN,00-06,112
937.0,,20,75,PNIT,TUE,00-06,74
2665.0,34.84545453300421,5,444,HPNT,TUE,12-18,145
1270.0,21.519430962042676,0,430,HPNT,TUE,00-06,87
767.0,24.670124948329537,0,572,HPNT,WED,18-24,80
2484.0,5.178627641036886,5,588,HPNT,SUN,06-12,139
1577.0,32.37095837302702,5,132,HJNC,SUN,00-06,89
735.0,13.837128474876543,5,599,HPNT,THU,18-24,89
888.0,22.957480096889967,50,494,HJNC,TUE,06-12,153
1262.0,31.584847216007574,20,136,HPNT,MON,00-06,92
2348.0,33.88309891889787,5,436,HPNT,MON,00-06,104
2948.0,27.494196046850348,20,447,PNC,MON,00-06,139
1123.0,3.6357878141913496,0,335,HJNC,FRI,06-12,78
3314.0,33.494638244843706,0,418,PNC,FRI,00-06,122
3466.0,18.26537890596073,0,471,PNC,WED,00-06,109
1752.0,31.87891143583819,0,492,HPNT,TUE,18-24,107
3400.0,20.424726161645832,0,569,HJNC,FRI,18-24,149
1077.0,3.825753283147421,5,337,PNIT,MON,18-24,80
2622.0,6.651103586426718,5,144,HPNT,FRI,18-24,136
934.0,14.771229969632323,50,90,HJNC,SUN,00-06,115
2650.0,25.550667870194687,0,380,PNC,MON,06-12,87
1263.0,4.309214810315073,5,204,HJNC,TUE,00-06,61
3285.0,16.087902476038643,0,553,HPNT,SUN,12-18,156
3353.0,5.553124710938068,20,324,HJNC,WED,06-12,145
1829.0,26.70962320857982,0,228,PNC,THU,12-18,91
2645.0,11.002764219557768,0,186,HJNC,THU,00-06,90
3345.0,-6.547472791620165,0,229,HJNC,SUN,06-12,114
1858.0,-2.5276365333308632,20,231,PNC,MON,06-12,93
3406.0,,0,308,HPNT,FRI,18-24,159
2982.0,12.468632570644637,20,292,PNIT,FRI,00-06,163
946.0,-5.214821619329777,5,145,PNC,MON,12-18,37
2517.0,-4.863701381066555,5,246,PNC,TUE,06-12,89
1831.0,32.347171701726964,5,575,HPNT,SUN,06-12,109
748.0,29.269478247922493,20,436,HPNT,MON,18-24,114
665.0,10.34389685651147,20,457,HJNC,TUE,06-12,90
1858.0,34.36123943825926,20,318,PNC,WED,18-24,111
1519.0,-9.99160623232016,0,220,HJNC,WED,06-12,41
1041.0,17.62907553230272,20,219,HJNC,SUN,06-12,70
1258.0,17.73926798173415,5,208,HPNT,MON,00-06,75
2628.0,10.584937514144968,0,558,HPNT,WED,06-12,100
2680.0,7.862658782043177,20,496,HJNC,FRI,18-24,187
1296.0,10.492241096627343,0,131,PNC,TUE,18-24,66
3447.0,,5,106,PNC,THU,18-24,115
637.0,22.872161486703476,20,568,HJNC,THU,12-18,152
2731.0,-3.909005426202217,0,161,PNIT,WED,06-12,92
1853.0,-1.1062350733991426,0,97,PNIT,TUE,00-06,63
3332.0,-1.8766797223409384,0,425,HPNT,FRI,00-06,158
2375.0,1.8111763304569042,50,82,PNC,THU,12-18,161
568.0,13.636628845171249,0,553,HJNC,FRI,06-12,101
3093.0,-4.995606369780157,0,52,HJNC,FRI,18-24,118
2600.0,29.067618289692682,0,535,PNC,THU,12-18,142
1973.0,3.3812689088812533,5,565,HPNT,THU,12-18,146
704.0,-2.6857905639081467,0,91,HPNT,WED,18-24,30
2673.0,,0,58,PNIT,SUN,12-18,87
542.0,-8.286116473030633,20,191,PNC,TUE,12-18,93
2406.0,17.898585419337387,0,485,PNC,MON,18-24,104
2658.0,21.41892938044249,50,76,HJNC,TUE,06-12,188
1260.0,-0.3287560875976361,50,92,PNC,MON,00-06,148
3395.0,-8.111616695036457,0,180,PNIT,THU,00-06,95
2642.0,6.364041151375233,0,265,PNC,FRI,18-24,117
2494.0,-5.563259639112859,0,569,HJNC,TUE,18-24,123
2435.0,-4.7584967646998315,0,394,PNIT,FRI,06-12,121
1399.0,1.4417554150189051,0,557,HJNC,TUE,12-18,106
859.0,3.296056608204168,20,462,PNC,SUN,06-12,104
3447.0,13.848665345963926,50,295,HPNT,SAT,12-18,197
2219.0,20.52763484763559,0,498,PNC,TUE,12-18,126
780.0,16.674692339158316,50,70,PNC,FRI,06-12,143
2387.0,,0,457,HJNC,SAT,18-24,55
1166.0,-2.2561285396318107,50,506,HPNT,WED,18-24,130
592.0,,0,493,PNC,SUN,06-12,58
1171.0,15.125854177885113,50,314,PNIT,THU,12-18,164
2469.0,29.147202480396004,50,233,PNIT,WED,12-18,166
560.0,6.719593009394348,0,276,HJNC,WED,12-18,103
3181.0,17.648000334409573,0,597,HJNC,TUE,12-18,166
1528.0,13.564853722457485,0,295,HPNT,THU,06-12,99
1989.0,4.360557041920815,0,122,HJNC,SUN,00-06,75
1103.0,11.146191741511792,0,199,HPNT,SAT,18-24,28
1181.0,12.612089457211944,5,562,PNC,TUE,18-24,79
3081.0,-0.9653061359494632,5,118,PNIT,MON,00-06,83
1928.0,4.17546675695292,5,279,PNIT,TUE,12-18,86
3385.0,25.6134387728139,0,121,PNIT,SAT,00-06,106
3192.0,31.210470775435724,0,446,HJNC,FRI,00-06,146
2780.0,,0,133,HJNC,SUN,00-06,81
1023.0,3.8137526994058177,0,348,PNC,SUN,18-24,85
2893.0,-1.216127594265286,0,342,HJNC,TUE,18-24,130
3093.0,20.532102589276157,5,272,HPNT,MON,00-06,102
2468.0,4.539486574985178,50,265,PNIT,TUE,00-06,140
1601.0,34.448729259463484,50,280,PNC,SAT,00-06,127
2253.0,4.655816092877895,20,454,HPNT,SUN,12-18,167
2336.0,7.736122105218268,0,218,HPNT,MON,12-18,102
3341.0,17.150038829541565,5,378,HJNC,THU,12-18,128
2796.0,26.075793193608725,0,475,HJNC,SAT,18-24,124
2594.0,11.128339940553516,0,245,PNIT,SUN,06-12,70
1644.0,9.019521520503126,50,575,PNC,TUE,00-06,148
2761.0,34.803702511766375,0,126,HPNT,SUN,00-06,47
2786.0,-9.5277861487025,0,326,HJNC,MON,06-12,76
1579.0,30.277937998306058,20,515,HJNC,SAT,00-06,140
2897.0,-3.2886628327118155,5,497,PNC,THU,12-18,142
606.0,25.366637429401102,0,369,PNC,FRI,12-18,108
3378.0,17.80692019308341,20,209,HJNC,WED,06-12,131
547.0,5.383127847414142,0,541,HJNC,MON,12-18,79
836.0,29.324372998445824,50,362,PNIT,FRI,06-12,160
1549.0,-9.419174740855361,0,210,PNC,THU,12-18,76
3351.0,0.20107934337156586,50,357,HPNT,FRI,00-06,203
1780.0,,20,195,HJNC,TUE,18-24,87
2555.0,5.81940170223641,5,445,HJNC,WED,12-18,131
1124.0,17.466987289324745,0,138,HJNC,MON,06-12,42
,-8.915041296609992,0,357,HJNC,SAT,18-24,99
1776.0,-4.759348128322936,50,595,PNIT,SUN,00-06,172
2215.0,-4.280669190170235,20,420,PNC,THU,18-24,149
3266.0,,50,500,HJNC,WED,06-12,184
802.0,10.669914836024425,0,216,PNC,THU,00-06,39
1138.0,23.8457914794607,0,441,HPNT,SUN,00-06,82
555.0,30.749247706800553,5,540,HPNT,FRI,12-18,141
1225.0,27.591763862791076,0,199,HPNT,THU,18-24,36
1025.0,-1.1400457700942397,0,517,HPNT,THU,12-18,100
973.0,9.851774850378458,50,92,PNC,FRI,00-06,155
527.0,-1.0264781008659245,0,78,HPNT,FRI,12-18,54
2625.0,1.9012317500235856,20,80,HPNT,SUN,12-18,119
864.0,12.659614168034878,50,177,HJNC,WED,06-12,97
3213.0,-6.935093887441486,5,343,HJNC,MON,12-18,123
1025.0,-0.18215516830270495,5,490,HJNC,FRI,00-06,118
3246.0,32.09201725882028,0,437,PNIT,WED,12-18,135
1835.0,10.975233169632006,0,573,HJNC,SUN,00-06,86
1382.0,10.042393669004248,0,596,HPNT,THU,00-06,115
1530.0,-9.344478036192449,0,159,PNC,THU,06-12,51
1526.0,1.1329886176255606,0,377,HPNT,SAT,00-06,86
2146.0,28.98315961919816,50,454,PNC,TUE,00-06,195
1418.0,-2.591720728359906,50,294,HPNT,FRI,06-12,162
3297.0,8.680622279062447,0,212,PNIT,SUN,00-06,106
2910.0,-9.355109235984944,20,448,HJNC,WED,06-12,149
2274.0,11.525096675175014,0,448,HPNT,SAT,18-24,79
2031.0,-9.054050197320228,50,542,HJNC,WED,18-24,197
3353.0,26.882429887960996,50,288,PNIT,MON,18-24,182
3286.0,27.11841953691966,50,514,PNIT,SAT,00-06,194
2406.0,25.448398473606645,0,81,HJNC,SUN,12-18,61
1715.0,2.7513831001003197,20,172,HJNC,WED,06-12,72
2154.0,27.675674819981815,5,583,PNC,FRI,18-24,147
984.0,14.434915967237117,50,159,HJNC,WED,06-12,100
2575.0,6.821364899015109,0,320,HJNC,TUE,18-24,102
1213.0,18.139848186690486,50,429,PNC,THU,18-24,146
1562.0,-9.444652927283169,20,349,HPNT,THU,00-06,82
2476.0,-3.566760507966153,5,298,PNC,SAT,06-12,86
1796.0,23.403209217661825,0,570,HPNT,WED,00-06,86
1754.0,,0,83,HPNT,WED,06-12,35
2633.0,16.910410279793734,0,277,HPNT,WED,06-12,57
625.0,7.329617127036336,0,448,PNC,WED,12-18,88
3359.0,28.466260045966763,0,269,PNC,TUE,18-24,89
1036.0,32.85868876984896,20,420,PNIT,FRI,00-06,160
2692.0,29.76041277665857,20,577,HPNT,TUE,12-18,186
2572.0,2.177899761211849,0,124,PNC,SUN,06-12,98
2103.0,-1.2626708929262982,50,185,PNIT,SUN,18-24,156
566.0,11.349570212933074,0,123,HPNT,TUE,00-06,24
732.0,-9.669963212371888,0,303,PNC,TUE,12-18,79
2656.0,-8.838577321156823,5,67,PNC,THU,06-12,72
1669.0,14.898078783035004,0,92,PNC,SUN,12-18,77
2658.0,13.42022318743787,0,99,HJNC,TUE,06-12,86
2775.0,34.7561895065867,20,564,PNIT,WED,06-12,160
610.0,-0.9171174086308849,50,352,PNC,TUE,18-24,132
1993.0,1.614676812221079,20,191,HJNC,WED,00-06,99
2581.0,-4.890671095317099,0,251,PNIT,SAT,18-24,90
1122.0,31.289435434418507,0,256,PNIT,SUN,00-06,74
3295.0,25.001506000630286,0,464,HJNC,FRI,00-06,144
3142.0,27.005260015558136,0,270,PNIT,THU,06-12,95
2972.0,30.624370458402893,20,411,HJNC,FRI,12-18,182
3160.0,13.620499402662723,20,130,HPNT,SAT,00-06,118
2041.0,10.303693615282565,0,334,PNC,FRI,00-06,123
3239.0,4.867616314952743,20,418,HJNC,THU,00-06,151
1805.0,16.514657645653497,50,541,PNIT,WED,00-06,174
2261.0,10.442527855542014,20,395,PNIT,SAT,06-12,140
2475.0,10.320451397250881,5,253,HPNT,SAT,18-24,80
2862.0,32.161753867901254,0,74,HPNT,WED,12-18,72
1376.0,34.28141814256086,20,118,HPNT,WED,06-12,84
2489.0,25.841797519831132,5,565,HPNT,THU,06-12,123
1812.0,24.054114061111775,0,541,HPNT,SUN,06-12,97
1960.0,20.625117280059566,20,289,PNC,TUE,00-06,88
3209.0,-2.526631644991883,50,410,HJNC,SUN,12-18,213
2824.0,-7.340238060595547,0,490,HPNT,MON,06-12,142
2233.0,21.08268418009684,20,80,HPNT,TUE,06-12,72
2105.0,22.795380001545915,0,371,PNC,SUN,06-12,86
2026.0,-7.886215400583709,5,393,HJNC,TUE,00-06,98
3171.0,31.762328760298168,5,585,HPNT,FRI,00-06,162
3063.0,-5.898671224989511,0,404,HJNC,MON,06-12,114
3390.0,2.8655240197041074,0,520,HJNC,WED,00-06,123
2897.0,20.2575415759417,50,154,PNC,TUE,12-18,180
2130.0,-2.355733251798565,5,371,PNC,SUN,00-06,93
3370.0,-7.506285020099001,0,576,HPNT,THU,06-12,126
1660.0,4.901592012386741,50,553,PNIT,TUE,12-18,192
1258.0,24.46872086848306,5,134,PNC,WED,00-06,63
3446.0,8.615540554336715,0,284,HJNC,SUN,06-12,83
742.0,19.38378148585727,0,312,HJNC,TUE,18-24,66
3090.0,16.08285937526615,50,55,HPNT,SAT,18-24,141
1563.0,-9.000168308848881,0,543,HPNT,FRI,12-18,154
728.0,34.4842994170568,0,338,HPNT,FRI,12-18,98
3095.0,-8.135736003127551,20,399,HJNC,TUE,12-18,172
1419.0,33.55112319418183,0,249,PNC,FRI,00-06,92
1746.0,14.743888026397919,50,384,PNIT,THU,12-18,164
505.0,,20,266,PNC,MON,00-06,70
967.0,-4.836088026377404,0,402,PNIT,TUE,06-12,87
2255.0,12.068383363348094,20,374,PNC,THU,00-06,123
574.0,-2.3723158660273613,5,277,HPNT,SAT,00-06,49
503.0,-7.706130533990091,0,194,HJNC,THU,06-12,56
2370.0,17.78881017780402,20,357,PNIT,THU,18-24,135
1145.0,-0.6497460567238846,5,334,PNC,SAT,00-06,61
617.0,16.44636582293957,0,441,HJNC,WED,00-06,63
3428.0,-4.943598312295647,0,409,PNIT,TUE,06-12,93
2129.0,4.939391214471625,0,214,PNIT,TUE,12-18,107
3051.0,25.173465112396123,50,273,HJNC,TUE,06-12,173
2521.0,9.667318482898445,5,173,HPNT,MON,18-24,95
1446.0,18.248543670380137,0,393,HJNC,THU,12-18,69
,19.13560733354957,0,573,HPNT,TUE,18-24,125
1964.0,27.968976979428213,5,101,PNC,FRI,00-06,99
693.0,4.621525748298858,0,178,PNC,WED,18-24,9
1346.0,20.92830031621329,20,184,HJNC,SAT,18-24,95
3262.0,33.27271131707746,50,176,HPNT,SAT,06-12,162
1915.0,22.86095004610406,50,120,PNC,MON,12-18,128
1958.0,12.044171452298503,0,322,HPNT,SUN,00-06,73
2720.0,18.382285002136815,20,236,HPNT,SAT,00-06,124
2168.0,23.28573039933987,0,52,HPNT,WED,00-06,44
2873.0,17.55240945622426,50,334,HJNC,SUN,12-18,195
1933.0,-9.249588392957238,20,71,HPNT,THU,12-18,99
1641.0,-1.235192604074836,0,215,HJNC,SAT,18-24,34
3383.0,26.47106977469597,0,359,PNC,SUN,18-24,122
2310.0,2.269279129061811,0,526,PNC,SUN,12-18,140
1223.0,22.920295380251027,0,547,PNIT,SAT,00-06,106
724.0,6.745409685876442,5,483,PNIT,FRI,12-18,130
1031.0,13.484794767107442,0,283,PNC,THU,06-12,66
612.0,-6.9412015081268335,0,425,HPNT,TUE,12-18,60
2687.0,-1.8448497527630696,5,295,HPNT,WED,12-18,124
1058.0,33.07386335836556,20,352,PNC,SAT,00-06,91
2548.0,30.056212405111133,5,454,PNC,FRI,18-24,142
2637.0,19.35237999045726,50,70,PNIT,WED,06-12,127
1153.0,10.684006882358183,5,306,HPNT,SUN,06-12,87
819.0,20.40925818028507,0,448,PNC,MON,06-12,46
2073.0,17.837463009227257,50,578,PNIT,FRI,12-18,238
2328.0,15.584851502207545,5,100,PNIT,SUN,00-06,60
2417.0,-7.337031766140618,0,496,HPNT,MON,12-18,159
638.0,18.47611747976781,0,319,PNIT,SAT,18-24,65
3392.0,24.601402005702575,0,311,PNIT,FRI,00-06,138
2526.0,34.733674459050896,0,414,HJNC,TUE,06-12,86
2806.0,-9.501465133256065,20,98,PNC,SUN,12-18,139
1401.0,22.857805398980446,0,567,HPNT,WED,00-06,45
1189.0,15.73051921711912,0,167,PNC,WED,12-18,76
2539.0,9.532347923643052,5,502,HJNC,SUN,00-06,126
509.0,-4.25934214428831,0,446,HPNT,SUN,06-12,71
760.0,8.408831688569428,0,76,PNC,THU,18-24,45
2442.0,5.946973234376088,0,421,PNIT,FRI,18-24,122
2173.0,3.6273450040433985,20,146,HPNT,FRI,12-18,156
2719.0,22.889583049499343,0,578,HJNC,SUN,06-12,112
3445.0,21.532648457791872,0,235,PNIT,MON,12-18,109
2560.0,16.50590409414102,20,264,HJNC,FRI,12-18,152
1691.0,32.23991659820175,50,300,PNIT,WED,00-06,145
2119.0,5.7434472881384515,0,265,PNC,FRI,00-06,125
820.0,0.971087196958079,50,78,PNC,THU,00-06,134
1842.0,19.51564908942798,0,151,PNC,THU,06-12,57
2136.0,-1.053367257816868,20,172,HJNC,SUN,06-12,90
2876.0,4.175472823254108,20,103,HPNT,WED,12-18,147
3332.0,,0,332,PNC,WED,00-06,116
3324.0,-6.888089452667445,0,166,HJNC,WED,06-12,93
2494.0,27.237443373605302,0,163,PNIT,FRI,12-18,109
,1.4543244314747525,0,592,PNC,FRI,06-12,189
2443.0,11.286237650435929,5,342,PNIT,TUE,12-18,121
2538.0,-8.050812703555962,0,244,PNC,SAT,18-24,85
1618.0,21.47027598136894,0,341,PNIT,SUN,00-06,84
2104.0,4.875245103783087,5,310,HJNC,SAT,18-24,90
2865.0,23.513152752314447,0,256,PNC,MON,12-18,135
,8.558137721053974,5,98,HJNC,FRI,12-18,107
2469.0,,20,55,HJNC,TUE,00-06,86
833.0,13.092878702691614,5,428,PNIT,TUE,00-06,78
2408.0,-4.127294816315209,0,443,PNC,THU,12-18,113
875.0,9.824262194284763,20,273,HPNT,FRI,06-12,143
1660.0,4.2787464839218945,0,72,HPNT,TUE,00-06,39
3135.0,31.038181288983495,20,159,HJNC,THU,12-18,136
2070.0,-7.258207522567602,0,448,PNIT,MON,00-06,101
3060.0,21.230783634758392,0,221,PNIT,THU,00-06,100
,-1.7761975305653834,5,355,PNIT,MON,18-24,99
3465.0,,20,200,PNC,SAT,18-24,141
2355.0,8.698132837792969,0,477,PNC,SAT,06-12,115
1872.0,30.860679021873842,0,516,PNIT,WED,00-06,92
1372.0,0.9160219733221311,50,116,HPNT,WED,12-18,135
1752.0,-5.89110388548984,0,205,HPNT,SUN,12-18,86
2817.0,4.341032179573562,50,255,PNC,THU,00-06,158
2351.0,-5.289581325901,0,204,PNIT,SUN,00-06,67
3345.0,-4.213158131775137,50,558,HPNT,WED,06-12,201
1814.0,,0,123,HPNT,FRI,06-12,120
1224.0,-7.259413010522801,5,98,PNC,THU,06-12,74
2552.0,-8.608110337289528,0,516,PNC,TUE,12-18,129
3398.0,22.148634566172397,20,228,HPNT,FRI,18-24,129
577.0,6.274119267847002,0,97,PNIT,SUN,06-12,22
3121.0,-4.358109284475702,0,121,HPNT,THU,12-18,117
631.0,1.4125746886868704,0,162,HPNT,SUN,06-12,15
1100.0,18.893892830857958,0,208,PNIT,SAT,12-18,81
2272.0,2.399145521338303,0,79,PNC,MON,00-06,71
1565.0,12.253450630418357,20,146,PNIT,SUN,12-18,106
2636.0,-4.523711197299748,20,300,PNIT,WED,00-06,122
2949.0,16.464213692245114,5,568,PNIT,WED,12-18,139
2843.0,4.223495772946883,50,141,PNIT,WED,18-24,166
2363.0,18.213579553792243,20,162,PNC,THU,12-18,128
1818.0,,5,308,HPNT,FRI,00-06,107
1115.0,17.524088872549658,50,156,HJNC,MON,18-24,111
3347.0,3.3086403167759304,0,439,PNC,WED,12-18,122
2969.0,1.5084665696735176,0,407,PNIT,FRI,12-18,165
2388.0,4.73394314300516,20,248,HPNT,SUN,06-12,109
1546.0,,5,476,HPNT,TUE,18-24,93
1074.0,-1.8472667117490964,0,527,PNIT,SAT,00-06,60
,25.581099585507552,20,552,PNC,TUE,18-24,132
1492.0,7.312965942835024,0,169,PNIT,MON,00-06,38
3212.0,9.619783125676364,0,358,HPNT,WED,06-12,121
2692.0,16.732225950506503,20,587,HPNT,TUE,06-12,155
1748.0,16.534407281819643,0,524,PNC,SAT,00-06,93
1002.0,-6.968040781513342,0,393,HJNC,FRI,00-06,115
2497.0,27.419335385194955,0,185,PNIT,FRI,00-06,122
1320.0,-2.020305104922726,0,326,HJNC,TUE,06-12,85
2651.0,22.5382236222351,50,582,HPNT,SUN,18-24,192
2470.0,24.770194465767496,0,80,HJNC,SUN,06-12,46
697.0,22.170479034109114,0,296,PNIT,WED,12-18,99
2169.0,16.053994094936535,0,460,PNIT,SAT,06-12,107
3126.0,-9.342595130100271,0,76,HPNT,MON,12-18,108
2938.0,6.216897156342682,50,122,PNC,WED,12-18,186
1702.0,17.217774321316153,0,146,PNC,THU,06-12,100
3101.0,7.4353083165142415,20,395,HPNT,TUE,06-12,140
1971.0,28.856595271076586,20,525,PNIT,THU,06-12,153
2146.0,3.8961023907326915,0,349,PNC,TUE,18-24,75
2192.0,3.2090656606397197,20,348,HJNC,MON,06-12,130
1812.0,1.9698961891696083,0,336,HPNT,WED,00-06,106
2535.0,4.975139103235797,0,498,HJNC,SAT,06-12,109
977.0,15.083223394138422,5,261,PNIT,SUN,12-18,54
1754.0,21.815688242266585,5,125,PNC,SUN,18-24,73
1422.0,19.81555629824533,5,450,PNIT,WED,18-24,87
919.0,26.34730189916658,0,83,HJNC,TUE,12-18,69
2704.0,29.86612979738412,5,547,PNIT,SUN,18-24,119
3097.0,26.723556905450806,0,565,PNIT,FRI,18-24,194
1620.0,-9.147456848154045,50,377,HPNT,THU,00-06,156
1450.0,23.11630790983949,50,147,HPNT,SAT,00-06,140
2836.0,-0.6220191871750771,0,415,PNIT,SAT,18-24,93
1777.0,-4.018238078140781,5,512,HPNT,SUN,06-12,86
2743.0,18.731995315961097,50,77,PNIT,WED,18-24,128
3145.0,4.388443793346271,5,435,HJNC,WED,00-06,104
2357.0,-7.429727648330053,0,322,HPNT,TUE,18-24,99
1016.0,-3.806661952073739,50,176,PNIT,FRI,06-12,143
2158.0,-9.958176240851753,0,251,HPNT,THU,06-12,59
2365.0,30.64506323051183,0,570,PNIT,FRI,00-06,133
3412.0,-8.892190727144264,5,336,HPNT,SAT,18-24,129
1641.0,-0.5744903720720025,50,499,PNC,FRI,00-06,207
3353.0,8.73182513095583,50,137,PNIT,SUN,12-18,200
,6.045709667786859,0,367,PNC,TUE,00-06,91
1314.0,31.027664461074906,0,68,PNIT,FRI,00-06,103
2775.0,-8.186997441945605,20,156,PNC,THU,00-06,127
2400.0,13.04966184546732,50,507,PNIT,SAT,18-24,166
2763.0,20.621575813596827,0,360,HPNT,MON,12-18,133
3495.0,31.926408815652593,0,461,PNC,SAT,18-24,126
2562.0,17.916706345567444,50,547,HPNT,MON,06-12,188
2594.0,26.16898562052932,50,293,PNIT,THU,12-18,186
2871.0,-6.232377796959322,0,429,HPNT,SAT,00-06,100
3391.0,7.367277992161732,0,564,PNIT,SAT,00-06,149
629.0,6.827621051558037,5,256,HPNT,SAT,00-06,47
594.0,29.882969740507292,50,443,PNC,SAT,18-24,132
3174.0,-3.188297293152628,20,70,PNIT,TUE,06-12,121
3302.0,-3.165122244851638,0,576,HPNT,WED,12-18,186
2455.0,4.785116744860931,0,392,PNIT,SAT,12-18,110
,-7.549027868492309,0,251,PNIT,TUE,18-24,42
2334.0,-1.789388170637947,20,169,PNIT,THU,06-12,120
2616.0,33.434433734558084,0,438,HJNC,SAT,12-18,129
2183.0,9.268277294022777,0,586,PNIT,FRI,18-24,149
510.0,18.44086437900964,0,283,HPNT,SAT,06-12,49
2365.0,,50,369,HJNC,SUN,06-12,178
3419.0,6.513263315324021,0,229,HPNT,SAT,12-18,126
3097.0,-3.374781651526736,0,417,HJNC,MON,12-18,125
1211.0,-0.7038542700198622,50,125,PNIT,FRI,06-12,162
2570.0,4.096991446127467,50,545,PNC,SAT,12-18,218
1314.0,18.623078915850154,20,571,PNC,SAT,18-24,117
845.0,7.922624709007447,5,250,PNIT,SAT,06-12,56
2849.0,,50,395,HJNC,TUE,12-18,189
862.0,13.553323328036235,0,532,HPNT,THU,12-18,107
,31.4681026358338,0,268,PNC,MON,18-24,102
2765.0,26.54349249539056,5,109,PNIT,SAT,12-18,103
2688.0,27.134511706683398,0,599,PNIT,THU,12-18,126
1484.0,25.7776107922759,20,270,HJNC,MON,12-18,86
2139.0,4.567887152469064,5,551,PNC,MON,00-06,111
1327.0,24.43372251894764,50,182,PNIT,SUN,18-24,133
3230.0,-3.557738898496315,0,102,PNC,MON,18-24,94
855.0,19.597226627417907,0,499,HPNT,SAT,00-06,93
1847.0,18.87058550082475,0,111,PNIT,TUE,18-24,52
3435.0,-8.84935904096194,5,72,PNIT,SAT,12-18,89
2363.0,25.45865601159192,0,93,HPNT,SAT,12-18,78
626.0,,50,96,PNIT,THU,12-18,159
1103.0,,5,73,HJNC,WED,18-24,71
2428.0,26.55758258837679,0,138,HPNT,WED,18-24,78
1513.0,-6.291731266212331,0,223,HJNC,SUN,06-12,56
550.0,16.99855362174797,0,168,HPNT,WED,00-06,36
3326.0,11.854108940042472,0,227,HPNT,THU,18-24,124
1930.0,14.566558998905002,0,391,HJNC,FRI,06-12,120
2292.0,31.67923408479553,0,108,HPNT,SUN,00-06,60
3361.0,29.209186126108406,5,487,PNC,THU,00-06,153
2136.0,25.328764575789066,5,477,HJNC,MON,12-18,98
2145.0,2.3164305955266933,0,475,HPNT,SAT,12-18,105
2967.0,31.031838290874127,0,430,HJNC,FRI,06-12,130
1705.0,-5.612153839125614,0,535,HPNT,MON,06-12,112
3372.0,28.39981474514545,50,234,HPNT,SUN,12-18,187
2354.0,4.767203255912349,5,509,PNC,SAT,12-18,108
1066.0,-7.580245975210748,0,151,PNC,SAT,00-06,36
2918.0,20.121064290833672,5,64,PNC,SUN,00-06,75
1435.0,0.4075967742179962,0,100,HPNT,MON,18-24,47
2434.0,0.9607006639084368,20,358,PNC,THU,12-18,146
3208.0,3.7721224802947173,5,83,HJNC,WED,00-06,104
1832.0,-7.134185462386747,0,254,HPNT,FRI,06-12,97
701.0,-2.0292785110785685,20,119,HJNC,SUN,00-06,57
2860.0,-9.768716758649786,50,279,PNC,SUN,12-18,190
616.0,10.043428449760405,0,529,HPNT,SAT,00-06,78
1436.0,-6.208508016191292,50,582,HJNC,TUE,12-18,182
1074.0,20.719367226988954,5,157,PNIT,SAT,00-06,29
2791.0,0.6030283036241766,20,290,HJNC,WED,18-24,117
1036.0,32.46083648158297,50,300,HPNT,SAT,18-24,147
2125.0,29.20632323293937,0,184,PNIT,TUE,06-12,69
2622.0,3.024840273569371,5,139,PNC,SUN,06-12,102
885.0,25.24469545955054,20,489,PNC,THU,12-18,134
974.0,26.14602070991628,50,347,HJNC,SAT,12-18,151
917.0,34.39534013514847,20,456,PNC,FRI,12-18,175
2894.0,16.902799408055824,20,357,HJNC,THU,00-06,120
3187.0,-6.311541941035202,50,151,HJNC,TUE,00-06,138
1438.0,19.10767530168714,0,410,HJNC,MON,00-06,84
1454.0,18.124088676921584,0,577,HJNC,SAT,06-12,85
1375.0,18.72577598391943,5,342,HPNT,SUN,12-18,98
1262.0,3.821554164689518,5,195,HPNT,SUN,00-06,46
1702.0,28.68558132861498,5,453,PNIT,THU,06-12,96
1705.0,33.17624823299354,20,51,PNIT,SAT,18-24,86
1163.0,-0.20293691598318198,50,168,PNC,FRI,12-18,184
524.0,-6.033152883851,0,240,HPNT,SAT,18-24,27
2490.0,-1.2459235074182153,0,52,PNIT,THU,06-12,44
1703.0,26.924846266507345,5,536,HPNT,WED,12-18,131
1209.0,20.449008566893138,50,226,HPNT,THU,00-06,126
2379.0,18.622130405260698,0,306,PNC,TUE,06-12,79
1684.0,8.080691079924101,0,583,PNC,THU,18-24,100
2724.0,16.00225871801461,0,526,HJNC,SUN,18-24,114
784.0,3.8543356373465336,50,447,HPNT,FRI,18-24,180
562.0,11.474003573808258,5,545,HJNC,THU,06-12,90
1502.0,25.687836276679512,20,269,HJNC,THU,06-12,111
1161.0,34.1558718854958,0,222,HJNC,FRI,12-18,101
3213.0,31.962001561541086,0,439,HPNT,THU,12-18,153
2703.0,32.02396742808119,0,551,HPNT,SUN,18-24,127
1992.0,8.100068068120056,0,309,HJNC,FRI,06-12,123
1466.0,11.09554462280559,0,180,HPNT,SUN,12-18,60
1348.0,21.75359283660417,0,162,HJNC,SUN,06-12,51
1607.0,31.49863676230779,20,69,PNIT,SUN,00-06,107
1188.0,-3.6102583291561903,20,264,HPNT,TUE,06-12,69
647.0,3.690883872223809,0,359,PNC,FRI,18-24,115
841.0,-3.733891993265072,50,300,PNC,TUE,06-12,158
3023.0,,0,537,HJNC,TUE,18-24,135
1586.0,3.783544859939189,0,431,PNIT,FRI,12-18,114
2224.0,4.674853363065806,20,458,HPNT,THU,12-18,147
1883.0,-6.808781823040935,50,320,HJNC,SAT,12-18,186
3108.0,5.740822781341636,20,456,PNIT,WED,00-06,127
826.0,28.81234283307134,0,243,PNIT,SAT,18-24,60
2292.0,0.4882765350875733,5,490,HPNT,SUN,00-06,113
2259.0,21.283435979452953,5,362,PNC,FRI,00-06,120
1489.0,18.33327552223667,0,128,PNC,THU,12-18,55
2762.0,28.856807376610192,5,229,PNIT,TUE,18-24,117
,-4.0470423557032795,50,63,PNC,MON,06-12,162
1451.0,33.99154821552695,20,295,PNIT,WED,06-12,96
1222.0,16.21828907181645,5,63,PNIT,SAT,18-24,48
2579.0,34.79633685560665,50,148,PNIT,THU,06-12,147
3217.0,31.018162663963288,20,82,PNC,SUN,12-18,105
2832.0,-0.03172275491023946,50,485,HJNC,WED,12-18,229
928.0,,0,306,PNC,SUN,00-06,62
2000.0,1.5037592207912684,0,83,HJNC,MON,12-18,92
785.0,13.740364204973893,0,68,PNC,MON,06-12,25
2565.0,-2.27816348206645,5,309,HPNT,MON,00-06,101
1268.0,-2.4643114966905175,20,465,HPNT,SAT,18-24,116
3137.0,10.816709619731888,50,186,PNC,SUN,18-24,181
1894.0,-8.502941297378872,5,408,HPNT,FRI,00-06,153
693.0,-4.515036286047829,5,165,HPNT,WED,12-18,62
3049.0,8.71376027335764,0,453,HPNT,FRI,00-06,141
1487.0,-7.159154085641509,5,251,HPNT,SUN,00-06,68
1636.0,7.853977540498821,0,425,HJNC,MON,12-18,96
2661.0,11.33028196768003,20,299,PNIT,THU,18-24,162
2201.0,10.306997633290148,20,495,HJNC,MON,00-06,108
1446.0,29.112868583138926,50,327,PNIT,FRI,18-24,216
1330.0,13.85281047732796,0,161,PNIT,MON,06-12,62
2420.0,11.059120811511953,0,522,PNC,SUN,12-18,129
3472.0,8.481916042624977,20,441,PNC,MON,06-12,140
554.0,26.793052023701875,50,192,PNC,FRI,18-24,144
1299.0,30.27754717999249,0,81,PNC,FRI,06-12,65
,28.39591111387029,20,230,PNC,SUN,06-12,109
1981.0,20.30959601591259,20,565,HJNC,THU,06-12,145
2401.0,-3.81872143140966,50,318,HJNC,FRI,00-06,219
2709.0,2.459148627140552,50,285,HPNT,SUN,00-06,163
2634.0,-7.927162134311016,0,326,HJNC,THU,12-18,117
554.0,31.887083374555132,5,324,HJNC,TUE,18-24,59
2323.0,19.735933836090965,5,135,PNC,SUN,18-24,71
1701.0,23.586329794095867,0,112,HPNT,TUE,12-18,59
1332.0,4.020728281200302,5,453,HJNC,FRI,18-24,130
812.0,28.054408502480406,0,241,HJNC,MON,18-24,55
3306.0,1.682147766881533,20,342,HPNT,WED,06-12,139
2358.0,-9.926030929939763,0,80,PNIT,MON,06-12,72
2507.0,,0,379,PNC,FRI,18-24,121
2506.0,15.684266643158303,20,156,HJNC,THU,12-18,125
2990.0,11.541718608448512,50,325,HJNC,SUN,12-18,210
2290.0,28.79342641594687,0,131,HPNT,MON,18-24,83
827.0,-5.256762131972488,0,113,HJNC,TUE,12-18,80
3308.0,14.922054828517652,5,178,PNC,SAT,12-18,104
3126.0,13.084070741940835,50,305,HJNC,FRI,06-12,193
1787.0,2.6626841977473354,0,280,PNIT,MON,12-18,76
2643.0,27.000265065965472,0,546,PNC,SAT,00-06,107
1611.0,23.87818951469928,5,186,PNIT,MON,06-12,63
1811.0,22.978663429932396,20,504,HPNT,THU,00-06,133
3361.0,29.42866152213002,50,404,PNC,THU,18-24,210
3038.0,22.525307027968452,0,534,HJNC,THU,12-18,138
951.0,0.43285812716269056,0,195,PNC,SAT,00-06,57
2023.0,21.750322024236098,0,82,PNC,WED,12-18,97
664.0,3.8466266025429725,0,309,PNC,SAT,00-06,47
681.0,0.8978592656361748,5,136,PNIT,FRI,06-12,70
3016.0,,20,314,HPNT,FRI,18-24,162
1409.0,23.481286115645453,0,591,PNC,TUE,00-06,72
3282.0,21.995043287741506,0,441,HJNC,TUE,06-12,127
1322.0,0.5524764953342185,0,281,PNC,FRI,18-24,76
1443.0,23.722055752587018,20,496,PNC,MON,00-06,130
2501.0,31.302839739209887,0,178,HPNT,FRI,00-06,101
2554.0,-5.138696912878934,5,320,HJNC,SUN,06-12,92
829.0,0.4686487274048723,0,138,HJNC,WED,18-24,25
1274.0,23.7617357339292,0,515,PNIT,TUE,18-24,95
2698.0,2.352800307818521,50,219,HJNC,TUE,06-12,168
646.0,18.109878842767255,0,177,HJNC,SUN,12-18,53
1414.0,-6.347609899132847,20,223,HJNC,SUN,06-12,117
2071.0,10.349111559659242,0,75,PNC,SAT,18-24,59
1808.0,23.259113989682888,0,560,PNIT,SUN,06-12,101
3247.0,20.893127436946365,0,537,HJNC,TUE,12-18,149
581.0,26.678244530411305,50,455,HJNC,FRI,06-12,161
1013.0,29.4853456971426,0,75,HJNC,TUE,06-12,22
2420.0,24.79325755664412,50,132,PNC,SUN,00-06,140
3362.0,20.22144843225167,0,413,PNC,SUN,12-18,148
3256.0,-8.572487868278598,0,416,PNIT,SUN,18-24,88
2439.0,14.073500303424982,50,109,HPNT,TUE,12-18,142
1245.0,-8.303602378831624,50,341,PNIT,SUN,18-24,134
1909.0,26.36305177022102,0,240,PNC,SAT,18-24,45
1206.0,4.432603600698091,0,510,HJNC,FRI,00-06,93
970.0,15.309321835306442,0,282,HJNC,MON,12-18,89
895.0,2.5750388293506177,20,523,PNIT,SUN,00-06,103
,25.21250649711321,0,454,HJNC,TUE,06-12,83
2808.0,29.89261369888561,20,320,PNC,TUE,12-18,150
1304.0,7.938912239587879,20,183,PNIT,SUN,06-12,86
1433.0,28.831507707994504,20,220,HPNT,TUE,12-18,128
1779.0,2.018375335534957,5,464,PNC,SUN,18-24,72
2257.0,14.059741538398573,20,77,PNC,WED,06-12,78
1404.0,28.64426434274168,50,185,HJNC,FRI,12-18,172
1576.0,4.664660417710568,0,454,PNC,SUN,12-18,112
3487.0,,50,554,PNC,TUE,06-12,253
2390.0,-4.515422419837737,50,290,HPNT,WED,00-06,170
2023.0,-9.17762186244222,0,493,HJNC,MON,12-18,115
3401.0,30.68609086601858,5,483,PNC,MON,00-06,115
1887.0,-6.910810023345749,20,277,HJNC,SAT,00-06,85
1803.0,34.63501381763712,0,558,PNC,SUN,00-06,115
1092.0,32.812858789059774,0,352,HPNT,SAT,00-06,55
3261.0,-3.83405904836557,0,83,HJNC,SAT,00-06,78
3179.0,14.191308156165462,0,51,HJNC,WED,18-24,103
2606.0,-1.6785866139785046,0,411,HPNT,MON,00-06,77
627.0,9.266982786355392,0,244,PNIT,SAT,18-24,50
1235.0,-7.235869183307529,0,357,PNC,THU,12-18,76
3268.0,0.07660645084652806,5,299,PNC,SAT,18-24,137
3073.0,6.34727583795048,0,196,PNIT,MON,18-24,76
1020.0,9.739137511072467,0,395,HJNC,THU,00-06,79
3099.0,33.987331619400194,20,397,HJNC,WED,12-18,134
736.0,26.353954055779155,50,303,HPNT,SUN,12-18,173
1804.0,23.18344749403758,0,448,HPNT,SUN,12-18,124
2281.0,14.166859163388843,0,383,HPNT,THU,06-12,85
1801.0,27.799899227195453,0,225,PNIT,MON,18-24,74
3041.0,5.269527604506999,0,174,PNIT,TUE,00-06,102
2551.0,21.900460074799224,0,447,HJNC,THU,06-12,108
3213.0,34.720278892017745,5,180,HPNT,MON,00-06,93
941.0,4.158300902083946,20,456,HJNC,SAT,06-12,102
2576.0,20.33078906977853,0,383,PNIT,TUE,12-18,121
3157.0,27.99416888685721,0,69,PNC,WED,06-12,80
1304.0,31.21134125078025,5,254,HJNC,SUN,12-18,95
574.0,22.30697109230458,0,404,PNIT,WED,06-12,46
3385.0,,5,222,HPNT,FRI,00-06,127
,4.68269682060259,50,238,PNC,WED,00-06,156
2589.0,,0,51,PNC,FRI,06-12,103
1879.0,24.239868995217932,0,217,PNC,WED,18-24,46
540.0,-8.076717727212188,0,417,HPNT,WED,18-24,64
3481.0,28.90935595712356,0,585,PNC,WED,06-12,149
2581.0,-4.660272348645754,0,419,PNIT,FRI,18-24,134
2200.0,-2.265556953883409,0,486,HJNC,SAT,00-06,103
1901.0,11.443691187450678,50,256,PNC,FRI,18-24,174
1087.0,23.204618682593406,20,98,PNC,THU,06-12,72
2122.0,,5,593,PNIT,MON,18-24,112
841.0,9.80319837799243,5,178,HPNT,MON,06-12,49
2574.0,11.728307348454717,0,496,PNC,SAT,00-06,104
1145.0,-0.4471461249133899,0,84,PNIT,MON,12-18,58
1230.0,-4.7998730493715716,0,248,PNIT,WED,00-06,54
667.0,27.638941534353776,50,126,HPNT,SAT,00-06,93
1109.0,12.61095423932445,20,418,HPNT,MON,06-12,81
2815.0,-9.352844380713115,0,575,HJNC,FRI,00-06,154
2272.0,26.134158558909675,5,398,PNC,THU,00-06,111
2540.0,34.13572124365632,0,555,HJNC,TUE,18-24,139
3368.0,17.26667879364113,20,287,PNIT,THU,06-12,152
954.0,12.666877418783184,5,329,PNC,MON,18-24,83
3453.0,29.528713837023275,0,481,PNIT,SAT,06-12,130
2208.0,32.863255535806935,5,187,PNIT,SUN,18-24,82
3469.0,23.954161215610725,0,318,PNIT,MON,18-24,99
1201.0,10.045381838042953,0,250,HPNT,FRI,12-18,95
3181.0,16.64996296991482,50,191,HPNT,THU,00-06,170
2099.0,21.542091425809964,0,404,PNC,SUN,18-24,79
629.0,-1.2576893049189355,0,378,PNIT,FRI,12-18,109
2345.0,10.124046449739712,20,280,PNIT,FRI,18-24,107
1886.0,27.341956912277823,5,357,PNC,TUE,18-24,97
3366.0,19.462640682429935,0,195,HJNC,FRI,12-18,131
1192.0,8.504183024533436,0,201,PNIT,SUN,12-18,52
1894.0,19.85131403066066,0,189,HPNT,FRI,12-18,127
1293.0,-4.679991456739306,0,70,HJNC,TUE,00-06,57
528.0,8.067392475419435,0,303,HJNC,WED,00-06,49
648.0,25.69078420833754,0,113,HJNC,SUN,18-24,23
1819.0,-0.07710457885083954,5,267,HJNC,WED,00-06,91
2558.0,-1.6317321599162042,0,121,HJNC,SUN,12-18,81
3223.0,32.78683969623941,20,211,HJNC,SAT,06-12,123
1636.0,-0.554606668619618,0,179,PNC,TUE,00-06,80
686.0,1.7413360842575631,0,274,PNC,SAT,12-18,76
3354.0,33.63271725069521,20,503,HJNC,SAT,12-18,176
3291.0,23.061885661926155,20,433,HPNT,FRI,12-18,194
1750.0,21.48184398605877,50,156,PNC,SAT,12-18,156
1833.0,28.38168727345616,20,152,PNC,MON,18-24,95
597.0,-4.787961299344258,0,190,HJNC,SUN,12-18,44
554.0,21.76803064610032,0,183,HPNT,THU,12-18,77
3170.0,,50,248,HJNC,MON,18-24,166
3211.0,27.311778812786294,0,559,HPNT,MON,00-06,127
1257.0,12.866377339933745,50,128,HPNT,FRI,06-12,165
905.0,17.910860942101046,0,531,PNIT,THU,18-24,79
2616.0,11.49839568797912,50,561,PNC,SAT,18-24,206
1812.0,11.517151560012984,0,299,HJNC,THU,00-06,75
2285.0,24.558649012782418,5,532,PNC,SAT,00-06,117
1250.0,18.285488029127745,0,221,PNC,WED,12-18,80
2262.0,18.496844072423468,0,66,HPNT,TUE,00-06,67
864.0,10.262711772418662,0,343,PNC,FRI,06-12,99
2526.0,13.899927335188742,0,443,PNIT,SAT,18-24,120
981.0,23.557294979215428,0,547,HJNC,SAT,06-12,99
2748.0,,5,268,PNC,THU,12-18,107
653.0,21.34526309648208,0,283,HJNC,FRI,06-12,103
2024.0,31.58328449805574,0,439,PNC,SUN,12-18,88
2620.0,26.914583966624043,0,297,HJNC,SAT,06-12,82
3260.0,15.283870541428332,50,101,HJNC,WED,18-24,158
2843.0,20.21327326896816,50,64,HJNC,MON,06-12,130
1540.0,31.683872461453817,50,373,PNC,SAT,00-06,157
2164.0,17.86256199093763,0,490,PNIT,THU,06-12,113
1740.0,27.11631265909238,20,161,HJNC,SUN,18-24,80
560.0,20.99647266154942,5,56,HPNT,WED,12-18,61
1438.0,14.837136247720991,20,294,HPNT,FRI,06-12,140
2139.0,0.8827187936908896,50,497,HPNT,SAT,06-12,148
2589.0,9.169888376079264,5,414,PNIT,WED,00-06,113
524.0,33.54842711751721,0,416,HJNC,WED,12-18,87
1562.0,19.599442247267003,50,336,PNIT,SUN,12-18,156
630.0,15.397792115254532,0,155,HJNC,WED,12-18,40
1752.0,31.98304814877023,5,62,PNIT,WED,18-24,48
607.0,16.39303014668519,0,195,HJNC,SUN,18-24,38
671.0,13.673713328783133,0,527,HPNT,SUN,00-06,64
1958.0,24.168988481759236,0,164,HJNC,SUN,06-12,73
601.0,22.0699528543945,20,558,PNIT,WED,18-24,114
3413.0,-1.3077996216205268,20,201,HJNC,WED,12-18,153
3071.0,11.208872355835453,20,106,PNC,TUE,06-12,130
2822.0,11.263194926881336,0,431,HJNC,FRI,06-12,149
2136.0,7.020103185950514,0,206,HPNT,MON,06-12,77
3364.0,13.278206696851392,50,182,HJNC,FRI,00-06,182
1540.0,8.58983289772149,50,212,PNC,THU,18-24,154
829.0,-1.0294529737967597,50,324,PNC,THU,18-24,152
2020.0,8.556491927360646,20,126,PNC,SUN,06-12,88
511.0,-6.747537359207053,20,93,PNIT,FRI,00-06,77
1841.0,15.91036382484852,0,599,PNC,WED,00-06,118
715.0,28.414454702350035,0,367,PNIT,TUE,18-24,33
838.0,22.637918795954988,20,583,PNC,MON,18-24,121
2299.0,6.217731802435004,50,203,PNIT,SAT,00-06,173
3208.0,-6.081795749021132,0,286,PNC,SAT,12-18,117
2250.0,-0.9032770348628159,20,566,PNC,WED,00-06,145
2008.0,14.547065322267606,5,270,HJNC,FRI,12-18,136
2921.0,-0.682431247763521,0,359,PNC,SAT,18-24,119
1209.0,14.478790007823537,20,226,HJNC,FRI,00-06,118
1723.0,0.4219561143754511,5,269,PNC,TUE,00-06,73
3013.0,28.201574126423274,0,87,PNC,TUE,00-06,56
1612.0,7.877216277820686,5,480,HJNC,SUN,00-06,99
1791.0,1.0497781675020974,0,252,HJNC,FRI,06-12,99
988.0,26.554678111117774,20,497,PNIT,SUN,06-12,78
2061.0,5.427753416245283,0,544,HPNT,WED,18-24,90
546.0,-4.983054047254813,5,174,HJNC,SUN,18-24,36
1277.0,15.668427113163872,0,114,PNIT,WED,00-06,37
1539.0,16.170389199709494,0,293,PNC,WED,06-12,69
1210.0,22.16130538560804,0,576,HJNC,SAT,18-24,90
900.0,0.8098744943773504,0,275,HJNC,MON,12-18,74
2317.0,9.969710259151029,50,514,PNC,MON,06-12,216
749.0,2.7065563569195312,0,342,PNC,WED,06-12,52
890.0,-6.3570818747940345,20,430,PNC,FRI,06-12,117
834.0,29.44762221571512,50,215,PNC,TUE,00-06,146
1128.0,22.799141201975353,20,267,HPNT,SUN,12-18,131
636.0,3.5658376756460317,5,324,HJNC,THU,00-06,46
3430.0,,5,101,PNC,TUE,18-24,114
3235.0,-0.9431295339487402,50,423,PNC,TUE,12-18,184
2021.0,30.06064798080969,50,412,HPNT,THU,00-06,209
1326.0,-4.829214548714036,50,63,HJNC,WED,06-12,144
1226.0,-9.82732845214896,50,389,PNIT,TUE,12-18,176
2000.0,12.590368898263197,0,588,HJNC,THU,06-12,121
3141.0,16.24075205537912,50,138,PNIT,SUN,18-24,168
1489.0,16.053439413311196,50,90,HPNT,SAT,12-18,133
2919.0,-7.546963265297817,5,353,PNC,FRI,18-24,159
1434.0,4.131971311329462,20,317,HPNT,FRI,18-24,150
901.0,12.46395260785993,5,187,HJNC,FRI,18-24,73
1966.0,-0.25393664677416083,0,55,PNC,WED,12-18,74
1114.0,29.26816484686534,0,291,HJNC,TUE,18-24,42
1796.0,-6.080081974235468,0,211,PNIT,TUE,00-06,66
1682.0,11.932299875241927,20,567,HJNC,MON,00-06,126
3167.0,21.113722588091843,50,450,HPNT,FRI,18-24,242
2735.0,1.77879950605171,5,205,HPNT,WED,06-12,116
1621.0,18.090833164888316,0,134,HPNT,THU,18-24,39
630.0,27.322331756406854,5,59,PNC,WED,18-24,47
3352.0,-1.43483612072286,50,187,HJNC,TUE,06-12,183
1694.0,31.274926632118827,50,205,PNC,SUN,12-18,133
3483.0,14.910133969806111,0,457,HJNC,SUN,12-18,159
682.0,3.4654401935477246,5,274,PNIT,SUN,18-24,36
863.0,9.388622392202183,20,233,HJNC,FRI,00-06,102
538.0,4.048634770387459,5,244,HJNC,MON,00-06,39
3044.0,22.63000219699922,0,445,HJNC,SAT,00-06,91
1872.0,25.83352985368095,0,183,HJNC,WED,18-24,82
1420.0,27.482182654339745,20,358,PNIT,MON,00-06,90
3269.0,34.35957123135835,0,591,PNC,SUN,00-06,128
515.0,25.60779316235076,0,58,HPNT,TUE,12-18,45
992.0,17.06228318098535,0,219,HJNC,THU,18-24,62
1949.0,5.264913427630271,0,339,HPNT,WED,12-18,88
1631.0,14.506795191983723,0,217,HPNT,SAT,06-12,71
3441.0,-8.151932224431755,0,393,HPNT,TUE,12-18,134
810.0,23.51712839884609,20,546,HPNT,FRI,18-24,125
1238.0,10.06799952914458,5,194,HJNC,WED,00-06,76
1045.0,-9.098954662051558,0,462,HPNT,MON,18-24,108
2961.0,-7.187187632031513,5,506,HJNC,SUN,12-18,150
750.0,7.4359908719790475,5,351,PNIT,WED,18-24,58
1258.0,16.253968355829578,0,95,PNC,TUE,18-24,33
2304.0,10.8891777028457,5,66,PNC,TUE,12-18,102
1797.0,17.864194278146968,0,409,HJNC,SUN,12-18,107
2131.0,11.613241645611012,0,310,HJNC,MON,06-12,67
2414.0,19.776673046660605,50,172,PNC,SAT,06-12,125
1313.0,-0.13932708981396047,0,280,HPNT,TUE,12-18,89
528.0,-4.922056576737036,20,161,HJNC,WED,18-24,47
1457.0,16.839527958154697,5,295,HPNT,SUN,12-18,90
2532.0,11.811028262133835,20,440,HJNC,SAT,00-06,159
976.0,-8.790955567977912,20,441,HJNC,MON,06-12,91
817.0,7.121684847186614,20,377,PNIT,TUE,00-06,109
744.0,-5.224348652905203,50,264,PNIT,SUN,18-24,110
1247.0,13.911057428871285,20,416,PNC,TUE,00-06,119
1196.0,7.809995584719385,50,131,PNIT,WED,12-18,150
771.0,17.591835999635805,0,125,PNIT,TUE,12-18,65
2271.0,26.252099844660727,5,576,PNC,SUN,12-18,131
,3.4850907728670872,50,552,HPNT,WED,00-06,184
2924.0,33.29459468742624,0,528,PNIT,FRI,00-06,156
765.0,14.10355252644085,20,421,HPNT,SUN,00-06,125
3473.0,17.82308594396546,0,314,PNC,SAT,12-18,121
1420.0,20.630256795158168,0,313,HJNC,WED,12-18,108
839.0,20.00291884359154,0,159,HPNT,THU,12-18,49
888.0,12.993683437027794,0,356,PNC,TUE,00-06,59
3124.0,9.294393100160757,20,249,HPNT,FRI,00-06,147
2550.0,-7.579811612017995,0,275,PNC,SAT,18-24,81
1665.0,-9.006136961446911,0,234,PNC,MON,06-12,64
875.0,6.1082537539744095,5,80,HJNC,THU,12-18,84
2533.0,5.014740078516169,0,148,HPNT,MON,00-06,82
2871.0,7.446281967755304,0,388,HJNC,SUN,06-12,124
645.0,,20,315,HJNC,THU,00-06,84
2481.0,23.217572174157965,0,399,HPNT,FRI,00-06,148
792.0,28.56339866493075,50,593,HPNT,SAT,12-18,183
931.0,32.242158591831576,0,506,PNC,FRI,06-12,97
1204.0,12.156303658383163,50,137,HPNT,FRI,00-06,168
3496.0,21.53895646064429,5,112,PNC,THU,06-12,120
2498.0,28.49980055461426,20,436,PNC,WED,06-12,143
3132.0,8.823099999206867,5,508,PNC,SAT,12-18,163
898.0,3.9235757691699966,5,318,PNC,MON,06-12,86
3364.0,32.152605013407054,20,395,PNC,WED,18-24,142
1463.0,13.205444798468289,20,127,PNC,WED,18-24,71
2734.0,12.376424896589509,50,414,HPNT,TUE,12-18,206
2541.0,-1.9712756546426906,5,63,HPNT,SUN,12-18,120
2328.0,-5.1330243441989465,0,185,PNIT,MON,18-24,79
,27.894808811758026,50,353,HPNT,THU,12-18,201
1438.0,17.635992928438313,20,446,HJNC,SUN,06-12,114
1209.0,4.662106280875191,0,128,PNIT,TUE,00-06,51
1306.0,-1.3718702174380084,50,467,HPNT,TUE,12-18,169
1963.0,14.997377607633414,0,291,HJNC,SUN,18-24,86
1825.0,16.27636801675109,0,100,HPNT,FRI,00-06,99
510.0,-0.6852879439723818,50,433,PNC,THU,06-12,115
1585.0,28.31325865511633,20,424,PNIT,WED,00-06,91
2368.0,-6.2081035229867005,20,255,PNC,SAT,18-24,86
2773.0,6.024188832488974,0,538,PNIT,WED,00-06,141
3111.0,20.617298619313495,0,430,PNIT,WED,18-24,101
1271.0,2.3354163718640315,50,360,PNC,FRI,12-18,201
2094.0,27.245383765157236,50,424,PNIT,WED,12-18,216
2107.0,23.29405219701816,5,91,PNIT,MON,18-24,73
1833.0,25.506028004666042,0,582,HPNT,WED,12-18,132
1384.0,-4.640205885547768,20,571,HJNC,WED,06-12,112
1889.0,-3.6753792402005683,50,202,PNC,MON,00-06,147
725.0,2.891318198506262,50,361,HPNT,FRI,18-24,150
1324.0,13.313472433890247,50,343,HPNT,TUE,18-24,117
2765.0,23.66072345147311,0,162,PNC,THU,18-24,82
1436.0,27.64389008424066,0,161,PNIT,FRI,06-12,89
3300.0,21.69508921807312,50,224,PNC,WED,06-12,165
3053.0,,0,351,HJNC,TUE,06-12,94
2806.0,23.243457932716865,20,565,HJNC,THU,18-24,149
2411.0,3.782054915207663,5,270,PNC,THU,06-12,81
2296.0,1.9286577952357664,0,220,HPNT,THU,12-18,109
553.0,,20,367,PNC,MON,00-06,94
1226.0,-1.3208244089673578,0,262,HJNC,MON,12-18,105
3236.0,-5.827833513537855,0,302,PNC,TUE,12-18,119
,13.950029368528725,0,173,PNIT,WED,06-12,69
1543.0,26.973870640052986,20,262,PNC,SUN,18-24,99
2413.0,,0,134,HPNT,TUE,12-18,86
,25.635109570807813,5,565,PNIT,WED,00-06,89
2096.0,26.520740195819663,0,114,HJNC,FRI,06-12,99
2414.0,11.70233000366946,20,367,PNC,SUN,12-18,180
2966.0,-7.421036049528094,0,395,HPNT,THU,06-12,123
3237.0,-2.1434566938766118,0,292,HPNT,THU,00-06,133
1349.0,21.834182382286954,50,186,HJNC,MON,06-12,144
2609.0,22.030007524592726,50,296,PNC,SUN,18-24,164
2763.0,30.42598738254494,5,490,HPNT,FRI,12-18,180
502.0,16.220876594956227,0,94,PNIT,SAT,12-18,65
659.0,-4.4151684528800175,20,138,PNC,FRI,18-24,72
1280.0,-4.5363292522762535,5,277,HJNC,WED,00-06,77
1392.0,22.450956081057065,0,340,PNIT,FRI,00-06,100
2530.0,-1.7296900701444482,50,471,PNC,SUN,06-12,204
2876.0,4.77734748274724,20,116,HPNT,SUN,12-18,134
1079.0,11.924540311486126,0,300,HJNC,MON,00-06,24
2433.0,-8.885580509073197,5,90,HJNC,WED,18-24,81
1880.0,1.1968562158969345,20,148,PNC,TUE,18-24,61
1790.0,8.355032382827602,5,355,HJNC,WED,18-24,107
2140.0,2.583634332194281,5,505,PNIT,TUE,00-06,99
1451.0,-3.863335263959538,5,350,PNC,SAT,18-24,64
3182.0,,0,248,PNIT,WED,12-18,106
1487.0,26.591644482559325,20,537,HJNC,THU,00-06,110
1718.0,1.5865539264676176,0,155,HJNC,SAT,00-06,57
1420.0,24.848877257283647,0,450,HJNC,TUE,12-18,90
3285.0,7.349910398059123,0,526,PNIT,MON,18-24,123
1855.0,12.800860588430126,0,171,HJNC,SAT,00-06,41
669.0,28.520048370191873,50,126,PNC,SAT,12-18,127
1020.0,23.747915681108353,5,361,HPNT,SAT,12-18,115
1986.0,26.230258309228,20,161,PNC,TUE,06-12,89
539.0,-3.841967503613944,20,567,HPNT,TUE,18-24,116
2060.0,-6.862625837482174,0,246,HJNC,WED,18-24,56
1918.0,30.20321280895942,0,147,PNC,THU,12-18,91
1454.0,7.452542130699246,0,508,PNIT,SAT,00-06,106
,2.9545855131356387,0,279,HPNT,WED,06-12,88
1474.0,22.6113314417821,0,217,PNIT,WED,06-12,64
537.0,27.638701846093547,0,57,HPNT,THU,00-06,36
2875.0,28.812032985423542,50,221,HJNC,WED,06-12,145
1774.0,4.2198713506352306,0,409,PNC,THU,00-06,80
1699.0,28.34955760407533,0,244,HPNT,MON,06-12,56
2125.0,-8.157972503154458,20,318,PNC,THU,00-06,119
1413.0,-7.765232884312651,0,68,HPNT,FRI,12-18,87
953.0,18.05836378283695,5,403,HPNT,THU,12-18,107
536.0,-7.160213389800419,5,98,HJNC,THU,06-12,75
2211.0,4.607412582957268,5,513,HPNT,SUN,06-12,122
1295.0,20.27401938111158,50,405,PNIT,FRI,12-18,222
1472.0,5.177010322440184,0,207,HPNT,THU,18-24,42
1092.0,-1.918009835195683,5,115,HPNT,TUE,00-06,49
1637.0,,20,357,HPNT,SUN,18-24,111
1824.0,10.590889951269432,50,386,HJNC,WED,06-12,161
2771.0,,0,170,PNC,WED,12-18,130
817.0,25.235010410624092,0,453,PNC,MON,06-12,60
2896.0,23.75689532441806,5,145,HJNC,MON,18-24,94
2662.0,10.556801205026083,0,163,PNIT,FRI,12-18,93
3245.0,28.055030709444715,0,478,PNIT,TUE,12-18,149
1846.0,-4.859328763387188,0,589,HJNC,MON,12-18,133
2091.0,1.4909007603005673,0,51,PNC,WED,00-06,56
2389.0,27.258940857601317,0,261,PNIT,MON,06-12,89
2587.0,7.009731738176889,0,382,HJNC,MON,18-24,91
2496.0,34.153170145722896,50,73,PNC,THU,00-06,123
2272.0,10.981397668752592,50,417,PNIT,MON,18-24,157
1812.0,25.637103033369385,0,555,PNIT,FRI,00-06,118
1785.0,8.103816862206738,20,225,HJNC,WED,12-18,98
715.0,9.122908357809369,20,478,PNC,FRI,00-06,112
,7.229741627788258,0,491,PNIT,SUN,06-12,104
2639.0,22.358402922986528,0,597,HJNC,FRI,06-12,147
2900.0,14.638304782699752,5,563,PNIT,SAT,18-24,133
3118.0,32.470015011576606,50,410,PNC,TUE,12-18,190
3363.0,1.2900642440347134,0,323,HPNT,SUN,12-18,115
2204.0,-5.474677056245004,20,226,PNIT,SUN,18-24,97
3328.0,7.696766829464686,0,313,PNC,SAT,06-12,114
862.0,17.75207184410492,20,235,PNIT,SAT,06-12,62
3104.0,28.735952161197275,0,576,HPNT,THU,18-24,121
2216.0,5.578859900614745,5,328,HPNT,FRI,12-18,159
1693.0,19.420403800600774,0,247,PNIT,TUE,18-24,56
855.0,5.758940646044858,5,398,HJNC,WED,18-24,55
690.0,17.774881234750616,20,470,PNIT,WED,00-06,99
2969.0,29.816357616379292,50,354,PNC,TUE,18-24,167
1199.0,0.4110939016734054,50,113,HJNC,SUN,06-12,78
2554.0,8.190873894816761,0,339,PNC,FRI,18-24,127
2680.0,34.69693383933859,5,67,PNC,FRI,12-18,140
1056.0,29.085066271225735,0,113,HJNC,THU,12-18,62
1325.0,15.408793605329087,0,379,HPNT,THU,06-12,90
3308.0,13.24824163344239,0,66,PNC,SAT,12-18,112
1554.0,2.807017203710645,0,492,PNIT,WED,18-24,77
3082.0,13.274424246208824,5,190,HPNT,THU,06-12,128
925.0,28.16816742259762,0,357,HPNT,TUE,12-18,89
3219.0,,0,493,HJNC,WED,18-24,130
,3.0519812680093956,0,545,PNIT,SUN,12-18,127
2074.0,-0.9341235525910179,0,475,PNIT,SUN,00-06,75
2629.0,1.9343841648573097,0,524,HPNT,FRI,12-18,148
2903.0,-2.3608359373228067,0,294,PNC,WED,06-12,111
1088.0,-5.696168678932782,0,499,PNC,MON,18-24,107
,8.861127849892473,5,400,PNIT,WED,18-24,112
2047.0,-4.9015178020779535,50,210,HPNT,THU,06-12,148
794.0,-2.2639349022803046,50,189,HPNT,TUE,00-06,134
2485.0,14.629610795276875,0,542,HPNT,FRI,18-24,164
1747.0,-2.5930326835191373,0,580,HJNC,FRI,06-12,111
2048.0,-7.125410465609372,0,442,PNIT,THU,12-18,139
2190.0,4.282498251254834,50,450,PNIT,THU,00-06,168
1636.0,-0.08564056201146109,0,99,PNC,THU,06-12,68
1756.0,13.188733459746953,0,344,PNC,MON,12-18,83
2564.0,-5.393481193755581,0,474,PNIT,TUE,18-24,124
859.0,23.829685445734015,50,61,PNIT,MON,18-24,86
3413.0,30.78050837458124,20,384,PNC,THU,00-06,163
1199.0,23.454582828028748,50,64,PNIT,TUE,12-18,145
947.0,13.977216683062743,0,77,PNC,SUN,06-12,13
3403.0,28.73005198049983,0,437,PNIT,SUN,18-24,140
2912.0,21.271327090167837,0,341,HJNC,THU,06-12,87
1174.0,-9.525199489741457,20,299,HJNC,TUE,06-12,110
1507.0,7.734056874852641,20,554,HPNT,FRI,06-12,157
1849.0,28.292835473306,0,147,PNIT,MON,00-06,42
3014.0,5.563648608887117,0,386,PNC,SAT,06-12,93
2961.0,-8.415317191351443,50,88,PNIT,THU,00-06,211
1085.0,23.578083734852257,5,87,PNIT,THU,00-06,82
1756.0,26.091722162729084,0,349,HPNT,WED,12-18,96
1747.0,-2.773283723051115,50,228,PNC,SAT,18-24,149
1493.0,14.180322357943155,5,518,PNIT,FRI,06-12,147
1935.0,-1.362005245192341,50,331,PNC,THU,12-18,157
1071.0,22.365548856986607,20,213,PNIT,MON,12-18,113
2882.0,2.2197704829868545,0,502,HPNT,FRI,12-18,182
1745.0,4.229680515349854,0,146,PNC,THU,12-18,84
2584.0,28.023688413804564,50,358,PNIT,MON,12-18,213
1488.0,11.434505849310696,0,311,HJNC,WED,06-12,73
777.0,20.13895030482115,0,342,PNC,WED,12-18,96
1719.0,8.106787282511043,50,298,HPNT,SUN,18-24,152
3463.0,3.410308573718993,20,294,HJNC,MON,00-06,115
2387.0,,50,300,PNC,FRI,00-06,206
983.0,-3.0314091664530425,50,172,PNC,MON,18-24,141
1765.0,6.784992600508836,0,374,PNC,SAT,06-12,80
1230.0,-0.5933333176334976,20,550,PNC,MON,00-06,99
2739.0,21.310773512333547,50,115,PNIT,WED,18-24,164
1540.0,32.48939772557484,0,108,PNIT,WED,18-24,56
3071.0,34.797993560713984,0,547,PNC,WED,12-18,150
1417.0,10.262456469871584,20,422,HPNT,SAT,00-06,113
2948.0,1.3638675336400006,5,315,PNIT,THU,12-18,143
1385.0,9.927321667294585,0,285,PNC,SUN,06-12,70
3252.0,28.12712344832257,5,267,PNC,SAT,00-06,102
521.0,-0.7297444651582055,20,576,HPNT,THU,00-06,83
973.0,32.84430432438157,50,490,HPNT,SAT,18-24,146
2757.0,5.383959595916796,0,455,HPNT,TUE,00-06,124
2853.0,34.36116467526372,20,518,HJNC,THU,06-12,143
1203.0,27.7373999390283,0,159,PNC,FRI,06-12,93
1186.0,26.385674036632565,20,402,HPNT,FRI,00-06,112
784.0,4.305710319797761,0,140,PNC,SUN,18-24,24
1215.0,-9.605025462343175,5,463,PNIT,WED,06-12,72
1262.0,7.195980897169452,0,122,PNC,SAT,12-18,69
1750.0,3.581421634821215,5,596,PNC,MON,06-12,138
1447.0,-8.317135431604122,0,347,HJNC,WED,00-06,107
2928.0,12.741436542766834,0,332,PNIT,SUN,12-18,137
3007.0,8.136409007723149,0,554,PNIT,MON,00-06,96
1530.0,,20,247,HJNC,SAT,00-06,84
528.0,17.953384498733744,20,81,HPNT,WED,00-06,13
1406.0,,5,390,HPNT,WED,18-24,87
3426.0,33.963449575698014,0,383,PNC,FRI,18-24,171
2626.0,-1.588085675134888,0,192,HJNC,MON,06-12,93
3494.0,10.037331114411707,0,459,HPNT,TUE,00-06,99
3006.0,11.965289454518071,0,93,PNIT,TUE,12-18,120
1069.0,26.587825874635406,0,81,HJNC,WED,12-18,77
2506.0,-5.5346681757408955,20,77,HPNT,SAT,12-18,140
1953.0,9.288992564383928,50,472,PNIT,WED,18-24,187
1237.0,18.282597660629175,50,540,HJNC,SUN,18-24,155
1015.0,-0.3179970269174994,50,209,PNC,FRI,00-06,128
2500.0,18.236055444473276,0,256,PNC,SUN,12-18,123
2944.0,31.564917689734372,0,67,PNIT,MON,12-18,107
538.0,34.88831590277037,5,152,HPNT,SUN,18-24,13
1386.0,-8.539701544419593,20,281,HPNT,WED,18-24,81
3344.0,0.6014702710104878,50,473,HJNC,SUN,12-18,205
2704.0,3.963820210626386,0,596,PNIT,SAT,12-18,154
1598.0,7.960674520023474,0,288,HPNT,TUE,06-12,70
3431.0,0.9015720913145326,20,383,PNC,MON,18-24,142
2323.0,-0.8430402450109362,20,198,PNIT,WED,00-06,99
2210.0,32.954922908787495,0,457,PNC,MON,00-06,83
1473.0,31.333472124673307,0,66,PNIT,FRI,12-18,110
2062.0,-7.885337454859714,0,275,HJNC,SUN,18-24,67
3396.0,5.246585972218167,50,309,HPNT,TUE,00-06,201
3295.0,8.231684915528298,50,223,HPNT,SAT,18-24,152
1488.0,0.7556540599674513,0,254,HPNT,MON,12-18,77
520.0,18.299280364467897,0,464,PNC,TUE,12-18,116
2850.0,18.817133598990846,5,557,HPNT,SUN,12-18,153
1368.0,28.272690274786868,20,202,PNIT,WED,18-24,80
583.0,23.339117077334805,0,152,PNC,SAT,00-06,27
,14.415799713468004,20,114,HJNC,SAT,06-12,81
2476.0,19.411404651998897,0,166,PNC,THU,00-06,82
1910.0,2.3294951694358144,0,205,HJNC,MON,18-24,82
2030.0,16.687528548531095,0,131,PNC,TUE,00-06,67
1069.0,12.015226463746366,20,567,HPNT,MON,06-12,117
1433.0,-3.999498970763332,0,116,HJNC,WED,00-06,59
2480.0,0.9144924462336821,0,287,HPNT,WED,06-12,67
2355.0,3.1262052824713713,20,375,PNC,SUN,18-24,130
1292.0,31.59393051736511,0,116,HJNC,SAT,12-18,73
1291.0,0.36739877236502494,50,225,PNIT,SAT,06-12,137
2309.0,3.0159756268850675,20,527,PNIT,TUE,18-24,130
1794.0,6.620935854024452,0,304,PNC,FRI,12-18,114
3039.0,19.868423238142416,0,112,HJNC,MON,06-12,62
,-4.679272338753677,0,452,PNIT,MON,12-18,152
2107.0,32.927534562219925,0,241,HPNT,WED,00-06,75
1583.0,28.950704904264406,0,378,HPNT,MON,18-24,73
2977.0,15.974723285402757,0,120,PNC,TUE,18-24,73
1484.0,20.331704034123053,0,112,HPNT,THU,18-24,36
2180.0,-9.250278794010281,5,346,HPNT,SAT,18-24,87
1019.0,,50,294,HPNT,WED,06-12,152
1090.0,25.80471037976489,0,568,PNIT,SAT,00-06,97
1550.0,-6.513266179342635,20,442,HJNC,SAT,12-18,147
2209.0,2.704122539482409,0,226,PNC,SAT,18-24,91
2535.0,16.338357275044007,0,253,HJNC,THU,18-24,118
2746.0,1.5385862464523807,20,582,HJNC,MON,06-12,153
2934.0,32.029008836503365,20,177,HJNC,FRI,06-12,139
848.0,-4.102361613806933,20,244,PNIT,SAT,06-12,87
1459.0,25.88274610585004,20,243,HPNT,TUE,00-06,103
2463.0,12.857691135788372,0,233,PNC,SAT,12-18,102
1192.0,23.764884911898022,5,296,HJNC,SAT,00-06,57
2059.0,3.9821897740151346,50,373,HPNT,MON,18-24,166
877.0,13.152032104041744,0,209,PNIT,SUN,06-12,56
3446.0,28.55759073754293,20,115,HJNC,TUE,18-24,125
3463.0,11.009514460539698,0,303,HPNT,MON,12-18,101
1026.0,6.187393785962133,0,332,PNIT,SAT,12-18,59
3281.0,14.126992381373125,20,109,HPNT,SUN,00-06,127
2753.0,22.281323886636507,5,167,PNC,MON,00-06,83
3002.0,9.960350547432622,0,472,HPNT,MON,06-12,150
1759.0,32.249463881402285,0,85,HPNT,WED,06-12,73
2375.0,3.2725620819053916,0,580,PNC,THU,18-24,96
2263.0,11.39586227761042,50,140,PNC,SUN,06-12,159
1020.0,24.061744670364867,20,350,HPNT,FRI,06-12,149
2201.0,,0,266,PNC,SUN,18-24,73
1516.0,28.863847358772027,0,147,HPNT,THU,12-18,73
3273.0,34.8564131306499,5,505,HJNC,THU,06-12,125
1513.0,9.20862479577903,0,580,HPNT,TUE,06-12,81
3048.0,-4.998210409750968,0,587,PNIT,WED,18-24,153
,,0,77,PNC,WED,18-24,0
2933.0,22.709460776289724,50,373,HJNC,MON,18-24,170
1867.0,29.330615208892205,0,272,PNC,THU,18-24,68
1083.0,-0.06793363250115902,50,129,PNC,SUN,18-24,121
894.0,-2.8698383264542313,0,507,PNC,FRI,06-12,89
1587.0,-7.200770881343906,20,225,PNIT,TUE,00-06,114
3268.0,27.02163147727429,5,571,PNIT,SUN,00-06,112
571.0,4.012187295166296,0,506,HPNT,WED,00-06,44
773.0,8.076360174189944,0,472,PNIT,MON,06-12,73
2513.0,12.623758622432554,5,149,PNC,FRI,12-18,113
1843.0,27.775395539429788,50,452,HJNC,THU,06-12,170
837.0,19.28749497026682,20,429,HJNC,SUN,00-06,88
1889.0,17.67790834360151,0,580,HJNC,FRI,00-06,147
1106.0,-2.094755501984018,0,381,PNC,WED,18-24,56
665.0,13.093545126942338,50,367,PNIT,TUE,18-24,156
2067.0,22.192145773039485,20,586,HJNC,SUN,18-24,149
2558.0,33.79673973637213,0,138,PNC,THU,06-12,63
1824.0,-0.9367160853991496,20,560,PNC,TUE,12-18,161
1228.0,-9.5705491119748,0,91,HJNC,SAT,12-18,65
3348.0,-6.611435488068862,0,438,HJNC,FRI,18-24,162
2543.0,6.913360933189065,50,130,HPNT,FRI,12-18,207
601.0,26.92450914856942,20,451,HPNT,MON,00-06,102
1915.0,,5,156,PNC,THU,00-06,72
1278.0,10.552876679862813,0,160,HPNT,FRI,18-24,95
713.0,4.815377690362753,5,326,HPNT,WED,18-24,81
1611.0,-7.638323045512259,50,263,HJNC,SAT,18-24,145
2076.0,10.260632900267776,0,555,HPNT,WED,12-18,136
2948.0,1.4636918301523476,5,170,PNC,TUE,06-12,107
3135.0,5.834817545615291,0,183,HJNC,SAT,18-24,115
3436.0,21.752688715293186,20,420,HPNT,SAT,12-18,192
2195.0,13.469794275993518,0,306,HPNT,WED,18-24,99
1091.0,-4.3908656953233995,5,229,HPNT,FRI,06-12,86
1833.0,33.263654319063754,0,97,PNIT,WED,18-24,36
1609.0,18.615984456938225,50,68,HPNT,THU,00-06,132
2639.0,24.464079154813916,5,95,HPNT,TUE,18-24,88
3220.0,-6.435408249623313,5,500,PNC,SUN,00-06,125
1213.0,-7.882372924299149,20,105,HPNT,SAT,00-06,54
1435.0,,0,141,PNIT,THU,12-18,97
2451.0,-1.5042687501949992,0,131,HJNC,FRI,12-18,128
741.0,8.648377897332281,0,128,HPNT,FRI,00-06,49
2543.0,32.112176003127026,0,332,HPNT,WED,00-06,92
501.0,10.567684666959934,50,360,PNC,MON,18-24,110
2772.0,3.061479741763824,0,209,HPNT,SAT,18-24,96
3348.0,,0,365,HPNT,SAT,00-06,141
2268.0,-4.962943983934484,0,205,HPNT,MON,12-18,93
2449.0,17.427765095224245,0,517,HPNT,FRI,18-24,139
3136.0,15.579437944872648,0,511,HJNC,FRI,18-24,149
2663.0,25.63968650325694,50,166,PNC,SUN,18-24,151
1417.0,34.40094252276609,0,413,HJNC,SUN,12-18,88
2741.0,1.289306227224973,20,515,PNIT,SAT,00-06,167
3418.0,12.93454028616923,0,233,HPNT,SUN,18-24,104
589.0,,50,215,PNIT,SUN,12-18,139
2209.0,25.333544799027862,20,124,HJNC,TUE,12-18,113
2669.0,11.933283639536342,0,321,PNIT,SAT,12-18,96
642.0,32.541724232665004,0,552,HPNT,FRI,12-18,142
605.0,-7.4243487917435775,0,392,PNIT,FRI,18-24,112
1386.0,,5,300,HJNC,SUN,00-06,47
927.0,-7.727167342773705,5,179,HPNT,TUE,00-06,64
1828.0,14.628713485160795,0,407,PNC,SUN,12-18,120
2395.0,30.069842660048856,0,457,HJNC,SUN,00-06,122
2494.0,1.8224424602586264,0,544,HPNT,THU,18-24,132
816.0,11.251182452532134,0,531,PNC,THU,00-06,118
2486.0,4.594799561163498,20,127,PNIT,TUE,00-06,108
,32.846476268435815,5,563,PNIT,TUE,06-12,111
2425.0,27.06405176388909,5,370,PNIT,THU,00-06,103
2556.0,21.90506800968708,0,339,HPNT,THU,00-06,82
3321.0,16.443214397679892,0,346,PNIT,THU,12-18,141
2770.0,26.926630519586666,20,524,PNIT,THU,12-18,182
1939.0,7.652016868559617,50,72,PNC,SAT,06-12,136
1052.0,10.139833479772786,50,221,PNC,SAT,18-24,103
1215.0,22.850077448638764,50,367,PNC,SUN,06-12,124
1787.0,6.098964348217141,5,242,HPNT,WED,00-06,88
2213.0,-7.124457607823178,0,167,HJNC,SUN,00-06,65
2383.0,,50,55,PNIT,TUE,18-24,143
1607.0,-4.808673941243326,0,532,PNIT,MON,18-24,102
1841.0,29.135659550464823,20,181,HPNT,WED,12-18,113
610.0,11.250189159029194,50,142,PNIT,MON,00-06,107
750.0,,0,571,HPNT,MON,00-06,80
2930.0,7.680920102220199,50,343,HPNT,FRI,00-06,216
2554.0,1.641992633703552,0,441,HPNT,TUE,00-06,112
958.0,5.623647540299537,0,298,HJNC,SAT,00-06,46
1607.0,25.73820553927326,50,466,HPNT,WED,00-06,163
707.0,18.13472562641472,0,192,HJNC,SUN,00-06,27
1399.0,32.193790098105595,20,286,HJNC,TUE,00-06,104
521.0,20.58671503595753,0,336,PNIT,THU,12-18,67
909.0,15.658173428961227,20,326,PNC,TUE,06-12,101
1394.0,17.45882040436255,50,436,HJNC,MON,00-06,152
1014.0,32.40671477607866,20,431,HJNC,SAT,12-18,140
1308.0,25.469041844001772,0,499,PNC,THU,00-06,106
1373.0,-8.918144318510299,5,340,HJNC,TUE,18-24,85
513.0,14.036286326106374,5,218,PNC,TUE,00-06,44
1470.0,20.97522851959542,0,492,PNIT,SAT,06-12,74
2634.0,23.691431529761978,0,233,HPNT,MON,12-18,120
3456.0,-0.4086046308728495,5,94,PNC,SUN,18-24,95
2060.0,29.022980950310853,50,317,HPNT,THU,18-24,158
,33.012941622882366,20,525,PNC,MON,00-06,123
1766.0,0.6521887630191401,20,302,HPNT,SAT,06-12,84
2669.0,29.717695588276058,0,445,PNIT,TUE,06-12,123
1249.0,-5.6359556867757075,0,338,HJNC,SUN,00-06,67
1184.0,-7.493192374813967,20,261,PNIT,WED,00-06,61
2427.0,-4.1849289953762785,50,70,HJNC,WED,12-18,158
2856.0,-7.40165142398338,20,365,HPNT,FRI,12-18,163
1194.0,28.025550672009913,0,487,HPNT,WED,00-06,91
2835.0,-7.342743499377763,5,472,HJNC,SAT,00-06,128
806.0,2.224888611364497,0,282,PNC,SAT,18-24,76
2489.0,-5.3309645408864625,0,172,PNIT,SAT,06-12,54
3461.0,3.2939916341194238,50,263,PNC,THU,12-18,222
1161.0,-5.924823957958578,5,89,HPNT,FRI,00-06,87
1048.0,20.060146283435632,5,381,PNIT,THU,00-06,56
811.0,-4.000293264584118,5,231,PNIT,SUN,12-18,104
3420.0,28.333066662749957,0,314,PNC,WED,18-24,107
1582.0,26.773597282698844,0,582,HJNC,SUN,18-24,81
3471.0,-9.385224153822577,5,481,HJNC,WED,00-06,150
2237.0,30.307685998180155,50,245,PNIT,TUE,06-12,137
1254.0,-8.697505746548483,20,558,HJNC,THU,06-12,138
534.0,0.7840603230900474,50,496,HPNT,MON,00-06,142
944.0,-8.542488800080223,0,577,PNC,SUN,12-18,101
2640.0,5.112956916769219,0,251,PNC,TUE,06-12,68
2482.0,13.123993657097223,0,182,PNC,THU,12-18,82
1730.0,25.849019105681215,20,188,PNIT,SAT,12-18,115
852.0,5.209169771142626,0,542,PNIT,FRI,12-18,106
1402.0,21.747051110290254,0,119,HJNC,SUN,18-24,60
1855.0,-1.5622994296458845,50,64,PNC,THU,06-12,120
3409.0,23.77693055348569,50,261,HPNT,FRI,18-24,203
2248.0,0.6198472659156895,5,109,HPNT,SUN,06-12,82
658.0,-3.540485982530443,5,301,PNC,FRI,00-06,87
2477.0,-1.656601733167557,5,495,PNIT,SUN,12-18,154
1456.0,-1.807159200316507,0,51,PNIT,WED,06-12,13
2571.0,13.0788295719646,20,385,PNIT,MON,06-12,141
903.0,28.015891153466576,0,68,HPNT,SUN,00-06,35
3352.0,-6.417771535337247,50,127,PNC,THU,18-24,154
1015.0,21.81303433220402,50,521,HPNT,MON,06-12,171
3279.0,19.445590684378594,20,77,PNC,FRI,06-12,152
1887.0,29.26339783232131,0,214,HPNT,WED,18-24,72
3079.0,0.9866402228108253,5,507,HPNT,SUN,18-24,125
1455.0,10.254943640826333,20,225,HJNC,MON,06-12,81
2699.0,31.66223184995828,0,78,HPNT,TUE,18-24,55
2212.0,19.699705256089274,5,328,PNC,FRI,00-06,145
3494.0,7.494578578771861,0,332,HPNT,TUE,00-06,125
1107.0,-4.086442771512919,0,528,HJNC,SAT,12-18,113
2967.0,1.8118253555265973,0,568,HJNC,MON,06-12,119
1773.0,16.15469648702225,5,354,PNC,MON,00-06,118
3413.0,22.317557640223114,0,158,HJNC,MON,00-06,83
2035.0,-4.401015091664793,5,373,HJNC,SAT,00-06,89
3125.0,16.98187670198243,50,255,PNIT,THU,12-18,220
2882.0,14.765807547743794,5,283,PNC,FRI,18-24,132
1941.0,13.127995101081861,0,507,HJNC,FRI,12-18,175
3479.0,21.055540295690356,0,236,HJNC,SUN,12-18,128
2297.0,27.685231778755785,50,531,HJNC,SUN,12-18,196
794.0,4.534535742959077,0,456,PNC,SUN,12-18,88
1254.0,30.005548554993176,0,558,PNIT,FRI,06-12,110
1894.0,-2.7714874321652188,0,569,HPNT,THU,06-12,115
685.0,-2.2139258611976045,0,102,PNIT,MON,00-06,52
1769.0,2.004742863076576,20,447,PNC,MON,12-18,147
1136.0,-4.621110870381498,0,248,PNC,SAT,12-18,81
1791.0,0.36436511072949074,0,440,PNC,TUE,00-06,74
1029.0,-5.211470669371993,0,547,HPNT,THU,18-24,101
2568.0,26.97885876434257,5,221,PNC,WED,06-12,103
3458.0,-3.7463953651018933,0,135,PNIT,THU,12-18,116
3414.0,23.628390090193555,0,235,HJNC,SAT,18-24,97
1293.0,-7.843875943899982,0,205,HJNC,TUE,18-24,57
2647.0,32.68341473812618,0,542,PNC,TUE,12-18,123
3299.0,22.002203938749474,50,570,PNC,SUN,12-18,205
977.0,-9.69415531362497,20,179,HPNT,SUN,18-24,72
2122.0,24.37354250900963,5,130,HJNC,TUE,06-12,60
1439.0,13.133686434478339,0,433,HPNT,MON,06-12,74
1025.0,25.071432665080387,0,344,HPNT,WED,12-18,77
2881.0,13.51235640007648,0,318,HPNT,TUE,12-18,118
501.0,18.84611859359096,0,584,HPNT,FRI,00-06,106
874.0,25.38492449277682,0,427,PNIT,MON,00-06,24
2840.0,8.229862456453553,0,425,PNC,WED,06-12,114
3384.0,-9.878133258079655,20,137,PNC,FRI,00-06,153
1052.0,28.24759231753348,0,160,HPNT,WED,18-24,61
2865.0,7.140066318109817,0,203,HPNT,SAT,18-24,84
2025.0,12.321922670746236,0,512,PNIT,WED,18-24,117
2351.0,-9.650501103071408,50,205,HPNT,FRI,18-24,180
880.0,12.144140465754408,5,367,PNIT,THU,12-18,96
2146.0,34.39193307072783,20,287,PNIT,WED,18-24,97
513.0,2.5220447368446344,5,383,HPNT,THU,06-12,83
1003.0,7.793822160907013,0,155,PNC,WED,00-06,65
2778.0,20.92354984109045,5,531,PNIT,SAT,06-12,154
2508.0,26.66571503856464,0,431,PNC,FRI,12-18,145
629.0,8.782623080274515,20,310,PNC,WED,00-06,91
1337.0,3.935099168058164,5,342,PNIT,TUE,00-06,56
3438.0,32.20216099932802,0,384,HJNC,SAT,00-06,88
2540.0,20.471523500225114,0,525,PNIT,TUE,18-24,121
527.0,-4.644041297808651,5,274,HJNC,SAT,12-18,73
2613.0,-6.898245483940812,20,503,PNIT,SAT,06-12,123
1752.0,11.759743285566607,0,345,PNIT,SUN,18-24,82
760.0,-0.09594702787273945,5,512,PNC,WED,00-06,97
2546.0,1.4293139019314065,0,263,PNC,FRI,06-12,118
1972.0,29.496148047253172,5,207,HPNT,SUN,06-12,96
1947.0,-5.96952890576602,0,321,PNC,FRI,06-12,101
959.0,22.191385185300035,5,287,PNC,MON,12-18,101
800.0,2.2014014021264625,20,352,PNC,FRI,18-24,115
3466.0,24.2147699631862,0,570,PNC,THU,12-18,174
2834.0,22.508512300859508,0,370,HPNT,WED,00-06,84
1129.0,-9.667364435006814,0,108,PNC,TUE,00-06,46
,12.91109358147196,0,407,HJNC,FRI,06-12,99
3139.0,-3.7306232929879135,0,300,HJNC,TUE,06-12,109
2493.0,28.980216376040453,5,485,HPNT,MON,06-12,110
2128.0,29.221364728808297,20,195,PNC,WED,12-18,128
2301.0,8.825561337219114,0,401,HJNC,FRI,18-24,123
3391.0,9.997802830298625,20,294,PNIT,SUN,12-18,149
1361.0,3.6477322732037205,0,350,HJNC,TUE,00-06,93
,22.247283453201398,50,487,PNC,SUN,06-12,170
2680.0,6.139761336190659,5,149,HJNC,SAT,06-12,63
2299.0,2.050661353518519,50,529,PNIT,SUN,12-18,193
2206.0,9.45039767770287,5,464,HJNC,FRI,00-06,159
3060.0,-5.883061672564358,0,214,PNC,MON,18-24,78
2860.0,23.59714420898917,5,351,PNIT,SUN,06-12,117
1075.0,-9.433161942769587,0,170,HPNT,SAT,06-12,38
3433.0,,20,137,PNIT,TUE,00-06,100
2503.0,-1.7710962960307413,0,266,HJNC,TUE,06-12,93
1807.0,0.4581820796485907,5,228,HPNT,WED,18-24,71
2456.0,18.6034399388018,0,212,PNIT,SUN,12-18,124
3234.0,34.68245596023082,50,219,PNIT,SUN,00-06,188
2520.0,,0,350,PNIT,WED,06-12,114
2712.0,0.16278345005263972,50,423,PNC,TUE,06-12,197
2852.0,-2.0788860231489794,5,252,HPNT,SAT,18-24,110
2155.0,28.980479162045164,0,96,HPNT,SUN,12-18,62
2079.0,9.988277656467694,50,512,PNIT,WED,18-24,174
2347.0,-3.832623872733004,0,457,HPNT,TUE,12-18,132
2703.0,28.799514049487215,5,243,HJNC,SAT,18-24,91
1890.0,26.724155881141762,0,476,HJNC,THU,12-18,114
2242.0,34.27578637537236,0,366,PNIT,FRI,06-12,132
2425.0,30.938465902070774,0,528,HJNC,SUN,06-12,127
1119.0,28.330565239724372,0,470,PNIT,THU,06-12,65
1774.0,,20,318,HJNC,THU,00-06,117
1456.0,-5.301308372584689,5,530,PNIT,FRI,12-18,158
2439.0,15.604243743685526,0,312,PNIT,TUE,00-06,75
2881.0,13.916566082681939,0,475,HPNT,TUE,12-18,129
1468.0,10.608344652029096,0,215,HPNT,WED,06-12,63
3058.0,7.85551964365629,5,477,PNIT,MON,00-06,147
1816.0,9.404471818894802,50,446,HPNT,TUE,00-06,159
1543.0,15.618407036065786,0,265,HPNT,FRI,18-24,103
781.0,-9.906556707996346,0,156,PNC,MON,12-18,78
3344.0,1.7318948359783484,0,147,HJNC,FRI,18-24,149
,13.322587430991998,20,531,HPNT,FRI,00-06,179
1558.0,,5,548,PNIT,FRI,00-06,101
697.0,-2.1629488422071654,0,279,PNC,SUN,06-12,65
3032.0,14.609652820434484,0,306,PNC,SUN,18-24,104
1582.0,22.15068577486018,0,92,HPNT,MON,18-24,38
3384.0,10.00824460612571,5,291,PNIT,THU,18-24,124
1684.0,-8.781348984847703,0,144,PNIT,SUN,12-18,106
1508.0,10.217067130953652,5,237,PNIT,SAT,00-06,74
3238.0,3.3400199484868907,20,434,PNIT,FRI,18-24,153
1729.0,31.834232346559773,0,449,PNIT,SUN,06-12,111
1535.0,-4.392397644475269,20,555,HJNC,WED,00-06,126
989.0,19.361417997825445,50,216,PNIT,TUE,06-12,137
775.0,-7.627610514947448,50,174,PNIT,SAT,00-06,118
3240.0,10.077669701571342,0,136,HJNC,TUE,06-12,95
2789.0,14.929076924903626,20,538,HPNT,TUE,18-24,159
1739.0,3.4079719092589453,5,275,PNC,MON,18-24,91
1774.0,10.478403598417298,0,394,HJNC,WED,06-12,87
625.0,-2.6400792461415685,0,567,PNC,WED,12-18,87
,3.685573226061628,0,80,PNC,SAT,06-12,35
1708.0,17.949784620959136,5,345,HJNC,WED,00-06,97
1746.0,3.5810025137519794,0,463,PNIT,WED,06-12,79
3042.0,30.48843852839923,0,184,PNC,WED,06-12,72
2974.0,18.278313093844538,0,574,PNIT,SAT,00-06,146
1418.0,9.739205829619301,5,53,HPNT,THU,18-24,76
1817.0,-8.255937900061788,0,227,HJNC,WED,00-06,69
2698.0,12.479675084210207,20,308,PNC,SUN,06-12,133
2931.0,24.414930895629013,0,114,PNIT,WED,00-06,85
2161.0,1.9500919105586139,50,412,PNC,MON,06-12,136
807.0,26.30481063419453,20,66,HPNT,MON,18-24,65
1859.0,,5,249,HPNT,SUN,06-12,101
2469.0,,50,593,PNC,WED,06-12,176
,-6.162924627474517,20,261,HJNC,THU,18-24,112
1391.0,28.97826689910633,0,484,HPNT,WED,00-06,75
874.0,12.463390291999872,0,322,PNIT,SUN,12-18,72
2533.0,,50,339,HPNT,WED,12-18,199
1864.0,1.9300962686816945,0,532,PNIT,WED,06-12,120
628.0,9.44047515186632,0,283,PNC,FRI,06-12,100
1514.0,34.957227414664025,50,457,PNIT,THU,18-24,170
2299.0,-0.0852672953087854,5,195,PNC,TUE,00-06,59
3216.0,,0,479,HPNT,SUN,12-18,118
1881.0,16.326582592339786,20,481,HJNC,WED,12-18,156
1016.0,11.984410989811572,5,594,HPNT,SUN,18-24,73
2018.0,13.58883219784883,5,546,HPNT,TUE,18-24,120
585.0,20.01209379007477,0,138,HPNT,THU,12-18,59
1698.0,2.0214831441792196,20,460,HPNT,SUN,00-06,113
2858.0,30.97992479227498,0,290,HJNC,WED,00-06,57
1642.0,9.605242975503067,0,272,HPNT,TUE,00-06,73
2974.0,-4.19112121858922,0,517,PNIT,SUN,06-12,128
2493.0,23.403444053027492,0,371,HJNC,SAT,00-06,88
2661.0,18.939695867803263,0,424,HJNC,TUE,06-12,89
802.0,4.208453111781669,5,161,PNIT,THU,06-12,54
3291.0,17.968342581532184,0,576,PNC,WED,18-24,111
1087.0,-0.10621196339604033,50,461,HPNT,FRI,06-12,192
1486.0,10.01777117032383,0,318,HJNC,THU,06-12,87
2363.0,30.47356349752964,20,301,HPNT,FRI,18-24,117
844.0,-3.9909595077662763,5,423,HPNT,WED,00-06,68
1313.0,7.4013402494357905,50,499,PNIT,TUE,00-06,160
2487.0,26.951409112415625,50,586,PNIT,SAT,12-18,213
3348.0,33.62709047327802,20,417,PNIT,SAT,12-18,155
1810.0,10.426676138980817,50,304,HPNT,SUN,06-12,131
2499.0,12.814982906450634,0,512,HJNC,THU,12-18,124
2177.0,15.747738280269637,20,317,HJNC,THU,18-24,124
1827.0,31.95566637351699,50,175,PNC,THU,12-18,167
1592.0,28.619305593966338,20,442,HPNT,MON,12-18,144
2908.0,-2.322949392026005,20,383,PNC,SAT,06-12,155
1509.0,9.654101803118376,0,417,PNC,SAT,18-24,66
1203.0,10.880019268839185,0,505,PNC,WED,12-18,98
1074.0,25.509325024194055,0,116,PNC,MON,00-06,40
2108.0,17.130179717244587,50,115,PNC,THU,18-24,95
1612.0,19.439920791305582,5,449,HPNT,THU,18-24,98
1187.0,34.91899584495279,0,336,PNIT,FRI,06-12,96
3328.0,-6.626798043849412,50,235,PNC,SUN,18-24,158
3132.0,0.03544205901798492,0,333,HJNC,MON,18-24,119
3136.0,8.355317181719606,20,565,HPNT,SUN,18-24,171
988.0,5.6502081371999235,50,286,PNC,TUE,18-24,139
1847.0,-9.025949739385739,20,67,HJNC,SUN,18-24,58
993.0,-5.870007708797088,20,463,PNC,SAT,18-24,91
2167.0,20.64289811316093,20,58,PNIT,WED,18-24,93
2137.0,29.56960085131523,0,469,HPNT,TUE,00-06,91
518.0,13.140215506968993,5,78,PNIT,TUE,18-24,32
2944.0,,0,397,HJNC,WED,06-12,92
1500.0,1.4792044774570723,0,499,PNC,THU,00-06,92
1350.0,24.554436363517013,0,429,PNIT,SAT,18-24,102
1888.0,23.830756431526538,0,415,PNIT,FRI,12-18,144
1854.0,16.47645601479455,50,276,PNC,THU,06-12,164
1867.0,-0.43010710698957233,50,167,HPNT,SUN,00-06,152
1321.0,-5.634180179330975,0,461,HJNC,THU,06-12,77
954.0,-7.109264086429334,5,405,HPNT,MON,00-06,74
2124.0,16.6713229989295,20,303,HJNC,TUE,12-18,154
3272.0,27.126589361426,0,592,HJNC,TUE,06-12,145
1210.0,28.624869430141615,5,493,PNIT,SAT,06-12,105
2690.0,10.86299334545524,0,130,PNC,SUN,00-06,79
1416.0,25.292208468802258,0,95,HPNT,TUE,00-06,41
3375.0,32.609608835346066,0,98,PNIT,FRI,12-18,133
3152.0,2.38265506196306,0,498,PNIT,FRI,18-24,173
1996.0,7.908215587134073,50,456,PNIT,SUN,00-06,170
1940.0,31.91655466685063,0,332,HPNT,FRI,00-06,130
804.0,5.220393529277819,0,522,PNIT,WED,00-06,99
1235.0,31.124433064480833,50,465,PNC,SUN,12-18,190
2838.0,34.14701880145096,50,170,PNIT,SAT,18-24,170
2463.0,19.78148278584911,20,52,PNIT,FRI,18-24,149
2649.0,26.760063027687572,0,365,HJNC,MON,12-18,106
2509.0,23.729550389948834,20,509,PNIT,MON,18-24,134
3414.0,21.47904159269857,0,276,HPNT,THU,06-12,86
3389.0,3.8118982841554647,5,128,HPNT,THU,12-18,95
1461.0,-7.430754794142533,20,593,PNC,SAT,00-06,127
3489.0,5.437327963384277,5,120,HPNT,SUN,18-24,103
1526.0,20.012119334175797,50,246,HPNT,THU,06-12,147
2632.0,-5.3861860797489385,0,107,PNIT,THU,12-18,82
2875.0,-9.463690765979106,0,473,PNC,MON,12-18,128
3363.0,-3.7138432328677604,5,518,HPNT,THU,00-06,149
1973.0,22.208116688485788,0,97,PNC,MON,00-06,37
3001.0,33.77571657453998,5,484,PNC,FRI,12-18,176
2447.0,34.237911482666924,20,234,HJNC,FRI,06-12,161
3176.0,12.229061711308457,0,214,HJNC,SAT,00-06,90
1677.0,29.12085354465563,20,380,PNIT,WED,12-18,125
1164.0,23.157190508817685,0,379,HPNT,THU,12-18,109
511.0,12.546810664307156,0,170,PNIT,FRI,00-06,46
1656.0,15.774223982978906,5,262,PNIT,FRI,18-24,94
803.0,-3.824778402240802,0,556,PNC,SUN,06-12,70
2263.0,32.19476572774664,20,217,PNC,SAT,18-24,117
3330.0,5.836839682929956,20,595,PNC,TUE,18-24,142
542.0,10.07671654057263,5,476,PNIT,TUE,06-12,94
1443.0,20.224710394905443,0,270,HPNT,SAT,06-12,65
2890.0,5.025611218694927,50,59,PNIT,MON,00-06,164
1849.0,1.4416622445018739,0,169,PNIT,WED,00-06,82
3045.0,18.397222697159926,5,296,PNIT,SUN,00-06,96
2911.0,-8.875716297316774,20,409,HJNC,SUN,06-12,139
1390.0,22.432630041200547,0,270,HJNC,SAT,18-24,61
2974.0,13.131051644442941,0,555,HPNT,TUE,06-12,123
1504.0,17.258917873442048,50,107,HJNC,WED,00-06,117
520.0,18.43460716610983,0,509,PNIT,FRI,18-24,118
906.0,13.717257042165368,0,177,HJNC,SAT,00-06,43
3166.0,16.21401998483312,0,135,HJNC,MON,18-24,81
1514.0,20.770469040044357,50,153,PNIT,WED,00-06,147
835.0,23.89034812308534,5,192,HPNT,TUE,06-12,65
2338.0,22.73535760787542,50,254,HJNC,FRI,12-18,211
1647.0,29.132740597951774,5,87,PNIT,SAT,12-18,73
2946.0,-1.4750455074668753,0,412,PNIT,SUN,18-24,132
3340.0,8.051658627130891,50,358,PNIT,THU,06-12,171
2327.0,32.650822970650566,0,101,PNC,SUN,00-06,82
1214.0,7.8465758473848375,50,50,PNIT,SUN,18-24,123
550.0,-4.38084653923348,0,60,HJNC,FRI,18-24,38
823.0,13.645030686298078,0,263,HJNC,TUE,00-06,53
1288.0,-5.072906235049203,0,567,PNIT,SAT,00-06,72
640.0,-0.8716042572460658,50,464,PNC,TUE,00-06,138
969.0,34.924344045693054,50,57,PNC,THU,06-12,114
1286.0,14.361318727825939,5,54,PNC,SUN,12-18,53
2325.0,2.7826275068193063,0,411,HJNC,FRI,18-24,92
1857.0,34.76487295582577,5,161,PNC,WED,18-24,68
2416.0,33.49515133498144,0,322,HPNT,WED,12-18,113
1463.0,9.833256848791859,0,471,HPNT,FRI,18-24,110
872.0,1.7181398954558773,20,314,PNC,WED,06-12,88
3041.0,,20,507,HPNT,SUN,00-06,148
2192.0,22.20293226373036,0,261,PNIT,SAT,12-18,84
3298.0,20.912364575157966,0,127,PNC,FRI,06-12,147
1679.0,30.190118359511267,20,270,PNC,FRI,00-06,135
2838.0,21.02377102420961,0,418,PNC,TUE,12-18,122
2171.0,2.7709074368697113,0,396,PNIT,MON,06-12,80
605.0,21.22384228440795,0,74,PNIT,TUE,12-18,43
1943.0,3.7616080077648775,0,469,PNC,WED,12-18,110
3217.0,24.165754084564774,5,403,HJNC,MON,06-12,122
2181.0,17.88865345212047,0,466,HJNC,FRI,18-24,147
501.0,-6.516480160686224,0,564,HPNT,WED,06-12,64
3136.0,13.077591309581393,0,264,PNIT,THU,12-18,121
3191.0,5.448543613808342,5,161,HPNT,WED,12-18,129
2637.0,4.785678472953242,5,477,HPNT,MON,06-12,107
849.0,17.101533606976577,0,265,PNC,MON,00-06,43
1786.0,4.50461710112412,0,462,HJNC,FRI,00-06,99
1562.0,24.960218669219273,0,429,HPNT,SAT,00-06,109
3456.0,-6.81438537949715,5,281,PNC,THU,00-06,122
2706.0,19.717471357812144,0,307,PNIT,FRI,06-12,116
2859.0,26.41376616455336,50,305,HPNT,THU,18-24,163
944.0,20.277426046419354,0,452,HJNC,THU,00-06,58
2845.0,12.375313775899809,20,473,PNIT,FRI,12-18,196
1451.0,32.763815618128156,20,114,PNC,SUN,00-06,75
535.0,3.497232040912861,50,239,PNIT,WED,18-24,105
1607.0,-9.137445061376,0,222,HPNT,TUE,06-12,52
1975.0,9.439521715854838,5,276,PNIT,THU,18-24,95
2298.0,-8.514462884485274,20,437,PNIT,SUN,18-24,123
2345.0,32.927153863688396,5,450,PNIT,MON,18-24,90
1908.0,,20,262,HJNC,FRI,00-06,135
1695.0,25.501716077699577,5,102,HPNT,SAT,00-06,51
1899.0,24.85574374284642,20,188,PNC,SUN,18-24,106
2208.0,-0.202199514267992,5,467,HJNC,WED,06-12,130
1885.0,17.955193871607527,50,192,HPNT,SUN,00-06,112
3106.0,,0,558,PNC,THU,06-12,117
3438.0,11.760856356674037,5,535,PNC,SAT,00-06,141
2688.0,-9.340879272738096,0,486,PNC,SUN,06-12,111
3434.0,31.45147460813788,0,592,HPNT,WED,00-06,156
,33.923871088980725,0,342,PNC,SUN,18-24,79
3273.0,0.0027244987363364004,50,333,PNC,FRI,12-18,236
1743.0,-0.6352284431632249,0,63,HJNC,SAT,12-18,77
1020.0,23.917407945295835,0,321,PNC,MON,06-12,52
2306.0,1.4020729473200504,0,74,PNIT,THU,06-12,71
509.0,30.278445162283028,5,371,HJNC,THU,18-24,70
1483.0,15.8268111255342,0,152,HJNC,SAT,18-24,56
2925.0,5.784993035464046,5,89,HPNT,WED,06-12,56
2156.0,27.471218585723904,5,284,PNC,FRI,12-18,127
2160.0,12.203301518602782,0,138,PNIT,SUN,18-24,69
3229.0,31.0234811168814,0,149,PNIT,SUN,06-12,88
3131.0,31.760640652822147,0,193,PNC,TUE,18-24,103
2699.0,-2.55609315422158,20,131,PNC,THU,18-24,118
1219.0,-9.895446724063138,20,278,HPNT,SUN,00-06,97
1572.0,34.2768923064081,0,444,PNIT,MON,18-24,97
1358.0,30.776189125736572,5,562,HJNC,THU,06-12,108
1816.0,-7.504964393327136,0,246,HPNT,THU,18-24,63
2103.0,27.486541877348145,20,323,HPNT,TUE,06-12,114
549.0,10.6012219651643,0,421,HJNC,TUE,00-06,46
3211.0,1.6532722261238852,0,129,HPNT,FRI,00-06,139
3078.0,29.54359356546184,0,284,PNC,SUN,12-18,101
3404.0,-1.1499745424361727,50,336,HJNC,SUN,00-06,155
645.0,32.62849997390301,0,594,HJNC,THU,00-06,114
1414.0,-0.7470330535296519,0,486,PNIT,THU,06-12,85
1962.0,17.61574344779346,50,176,HJNC,WED,12-18,175
2789.0,0.03888505380386853,5,466,HPNT,WED,00-06,130
1080.0,14.555089923588564,5,90,PNIT,SUN,18-24,63
3234.0,20.77888084618136,20,518,HPNT,SAT,12-18,185
2084.0,-1.4397431130938099,20,346,PNC,SAT,00-06,125
982.0,,0,91,PNC,MON,12-18,23
1749.0,11.107688497555355,0,328,PNIT,SUN,00-06,63
1172.0,-6.803316036849644,20,508,PNIT,SUN,06-12,74
,26.823851795388634,50,82,HPNT,SUN,12-18,123
3208.0,5.105708028927877,20,325,PNC,MON,12-18,148
1161.0,15.85619888983458,0,139,PNIT,WED,00-06,45
3352.0,13.165290571991047,0,573,PNC,SAT,12-18,140
2966.0,,0,209,PNC,SUN,00-06,84
1487.0,-5.1749922606180645,0,507,PNC,MON,18-24,82
2046.0,9.056690416219976,0,448,HPNT,THU,12-18,120
1149.0,10.35650416429566,0,140,HPNT,SAT,12-18,78
1468.0,23.013927816400184,0,515,PNC,TUE,06-12,94
3137.0,27.800847436431432,20,269,PNC,SAT,06-12,139
1600.0,14.52420251450081,5,468,PNC,THU,12-18,119
3056.0,-6.094767067075429,0,428,HJNC,WED,06-12,131
940.0,0.6582261768445825,0,496,HJNC,FRI,12-18,156
1420.0,-2.577968791627102,0,195,HPNT,FRI,00-06,51
1269.0,-4.392322156489387,20,282,PNC,WED,12-18,130
,6.465468437801341,50,420,HJNC,THU,12-18,164
2326.0,0.32270759694719153,0,283,PNIT,MON,18-24,87
,-0.1763599684819468,5,416,PNIT,SAT,06-12,78
2077.0,-7.538807144067956,5,530,PNC,SAT,06-12,121
3184.0,-9.204847984205475,5,412,HJNC,MON,18-24,121
3006.0,,50,560,PNIT,FRI,00-06,231
1498.0,-2.251113425936512,0,144,HPNT,SUN,00-06,59
1199.0,9.394267798169142,0,265,PNIT,SUN,00-06,55
2849.0,12.973411758448009,50,592,HPNT,WED,18-24,172
2103.0,-3.6733636821985485,0,184,PNIT,SUN,12-18,90
1741.0,9.115250368588384,50,132,PNIT,WED,00-06,121
1625.0,5.378697904666728,50,440,HJNC,SUN,00-06,148
3101.0,-1.7459360425919783,0,96,PNIT,TUE,18-24,67
2835.0,-9.692166333323641,0,441,PNIT,FRI,06-12,111
1690.0,11.015803993478379,50,434,HPNT,WED,18-24,156
3168.0,20.85432871693397,0,430,HPNT,TUE,06-12,116
1505.0,0.1824800364713166,0,126,PNIT,MON,00-06,64
535.0,-4.068692654649429,20,308,PNC,FRI,00-06,102
1243.0,29.916923500113285,50,448,PNIT,FRI,12-18,228
2264.0,2.3761147619509,5,149,PNIT,WED,12-18,106
852.0,0.0625678906699143,0,550,HJNC,WED,06-12,65
2422.0,28.569362282446214,0,432,PNIT,THU,00-06,94
572.0,26.76981946250426,50,241,PNIT,SUN,00-06,150
3195.0,10.175591173608513,0,394,HPNT,MON,18-24,124
1876.0,12.015748764249853,0,59,HPNT,MON,00-06,45
2414.0,-0.2013082824690109,0,313,HPNT,SAT,00-06,102
1593.0,-6.476424828419913,20,317,HPNT,TUE,18-24,84
2972.0,15.80443214100475,20,244,PNIT,TUE,18-24,115
1207.0,-5.574478528440409,5,456,PNC,THU,00-06,52
2304.0,10.217354613049242,0,345,HJNC,SAT,12-18,119
3108.0,32.32237393308548,20,146,HJNC,MON,12-18,119
3375.0,32.877547512676294,50,511,PNC,SUN,00-06,202
1455.0,0.7699528946311371,0,136,PNC,SUN,12-18,49
3064.0,18.08510390205445,0,126,HJNC,SUN,18-24,86
2975.0,11.333431884853592,0,532,PNIT,SUN,12-18,141
659.0,29.40583074137477,50,195,HJNC,TUE,00-06,95
2696.0,2.214388892422395,0,160,PNC,MON,12-18,92
3323.0,-9.833391692541241,50,346,PNIT,SUN,00-06,188
2235.0,,0,475,HJNC,MON,12-18,128
2085.0,5.728526052622913,0,383,PNIT,SAT,00-06,113
566.0,4.207450839671987,5,572,PNIT,TUE,00-06,104
2928.0,25.611331360529867,5,587,PNC,WED,12-18,144
557.0,20.625229976247702,0,211,HPNT,WED,12-18,51
841.0,3.480034382670377,0,479,HJNC,SAT,18-24,53
1653.0,10.598471772479602,50,118,PNC,TUE,06-12,114
3274.0,-5.699840321874915,5,182,HJNC,THU,00-06,114
1695.0,30.416590016904536,0,238,HPNT,FRI,00-06,73
3317.0,32.094117100184036,50,328,HPNT,SAT,00-06,181
3161.0,34.09115909214221,0,479,HPNT,MON,00-06,116
1732.0,29.084877385362695,0,591,HPNT,SAT,12-18,112
2901.0,-2.1717600536698516,0,210,HJNC,FRI,12-18,119
1994.0,-7.921158255926702,0,502,PNIT,SAT,06-12,71
2321.0,16.08185273357033,50,219,PNIT,TUE,00-06,133
615.0,31.06722620973997,50,106,HPNT,MON,06-12,106
1161.0,-2.0191887253115715,20,289,HPNT,FRI,18-24,131
1965.0,-9.683068841913617,20,407,PNIT,SUN,06-12,144
3000.0,26.247322071450995,50,250,PNC,WED,06-12,175
2368.0,-6.54419420709697,50,493,HPNT,THU,18-24,190
2834.0,8.616771435951367,0,351,PNIT,SAT,18-24,125
1516.0,20.549930173495326,0,155,PNC,SAT,06-12,60
810.0,0.6558913455281061,0,150,PNIT,FRI,18-24,85
707.0,,5,146,PNC,THU,06-12,40
3165.0,24.650955280512292,0,78,HJNC,SAT,12-18,111
2993.0,18.357878819916866,0,555,PNC,WED,12-18,148
3217.0,34.482071801906216,0,487,HPNT,FRI,06-12,149
1132.0,5.493861499398168,20,428,PNC,TUE,18-24,128
2602.0,-7.2206926169410135,5,122,PNC,MON,18-24,63
3459.0,23.045751590088308,0,303,HPNT,WED,12-18,116
1156.0,13.478003848396053,50,565,HJNC,THU,12-18,202
1923.0,-0.4058230874889226,0,599,PNC,THU,18-24,122
2431.0,25.177804505214176,20,69,HJNC,WED,18-24,95
3062.0,-0.8310031367525319,0,584,PNIT,SUN,18-24,134
2179.0,1.7297744674821462,0,470,PNIT,TUE,18-24,108
736.0,,0,495,HPNT,SAT,06-12,79
847.0,7.974452556388449,20,185,HJNC,TUE,18-24,79
3174.0,8.85181507718385,0,554,HPNT,SAT,12-18,136
1129.0,13.15528056567343,0,350,HPNT,SAT,12-18,106
2040.0,21.903392020569985,5,82,PNC,THU,00-06,63
2503.0,30.77454179061916,0,327,PNIT,SAT,18-24,77
1771.0,-3.801965550048612,0,182,HPNT,WED,06-12,65
863.0,-7.554335574310432,20,576,PNC,SUN,00-06,120
2868.0,-9.166094488255002,0,175,PNC,SAT,00-06,90
785.0,-3.537037986903268,5,394,HJNC,WED,06-12,87
648.0,19.607726860173166,50,66,PNIT,MON,00-06,98
1607.0,22.736468509842346,20,427,HJNC,THU,00-06,113
2953.0,25.392757108765494,50,109,HJNC,TUE,12-18,162
955.0,,20,516,HPNT,FRI,00-06,144
2266.0,3.765266596768395,0,440,HJNC,TUE,06-12,86
1299.0,11.741059050447475,5,236,HPNT,TUE,18-24,58
1684.0,-7.156760641289807,0,547,HJNC,SUN,18-24,113
,17.501368544506075,0,410,PNC,FRI,18-24,113
3331.0,34.2680765154091,50,498,PNIT,SUN,12-18,242
3007.0,6.236284012010117,0,230,PNIT,THU,12-18,130
2023.0,23.878136379112277,0,179,PNIT,SAT,12-18,91
3285.0,12.501526200632359,0,198,PNC,MON,06-12,100
3056.0,-4.248467003782777,50,521,PNC,TUE,18-24,194
,16.200685196116385,20,549,HJNC,SUN,06-12,130
2186.0,3.494342079982923,0,404,HJNC,SAT,06-12,99
2661.0,-8.45185561959438,5,260,HJNC,TUE,00-06,110
3296.0,18.57183785529847,0,79,HJNC,THU,18-24,74
2101.0,28.651955719612744,5,73,PNIT,THU,00-06,46
2908.0,5.514639510494337,0,271,HJNC,WED,12-18,122
840.0,7.563299624574672,20,450,PNC,THU,12-18,132
3317.0,30.09597573352452,5,561,PNC,THU,06-12,141
2510.0,26.612396601531017,0,137,PNC,TUE,06-12,82
3308.0,22.172877059829972,20,514,HPNT,MON,00-06,144
2996.0,1.195867868891657,20,99,HPNT,SUN,00-06,123
2366.0,30.959749473499002,5,152,HPNT,TUE,06-12,97
1334.0,-3.051290910735415,5,417,HJNC,SUN,18-24,101
1703.0,18.204673373774984,0,541,PNIT,SAT,06-12,100
2225.0,-8.703946875406658,0,317,PNIT,SUN,18-24,103
2189.0,18.967391284622565,20,446,HJNC,THU,00-06,111
810.0,2.4714958343011926,50,369,HJNC,WED,12-18,166
761.0,10.2354639732674,50,569,HPNT,MON,12-18,187
1942.0,5.536904842567388,0,498,PNC,WED,00-06,106
905.0,-2.2259459689205547,0,525,PNC,FRI,00-06,96
2690.0,17.989135554224333,0,289,HPNT,WED,12-18,116
841.0,29.68889998132733,20,307,HPNT,WED,18-24,83
1839.0,33.158790902708155,0,439,PNIT,SAT,00-06,61
743.0,-1.3444136580738224,0,392,HPNT,THU,18-24,46
989.0,22.281774832833804,5,436,PNC,SAT,18-24,98
511.0,19.895271497255703,20,443,PNC,THU,12-18,108
1060.0,5.452000530855765,0,319,HJNC,SAT,18-24,78
541.0,-9.140536029082337,0,198,PNIT,THU,12-18,77
,21.040606129078974,20,429,HJNC,SUN,00-06,155
1093.0,32.54726872517751,20,77,PNIT,THU,06-12,60
1952.0,18.44540548620431,50,198,HJNC,THU,06-12,158
2326.0,9.588172588443534,5,469,PNIT,WED,06-12,114
2193.0,13.631925235023278,20,329,HPNT,FRI,06-12,147
633.0,-1.0167036553037114,5,231,PNC,THU,06-12,39
1447.0,23.774487368918187,0,215,HPNT,FRI,06-12,82
572.0,23.588892350443203,0,66,PNIT,FRI,18-24,44
898.0,-3.451721482565878,0,199,PNIT,TUE,18-24,62
1928.0,29.50902721248466,20,388,HJNC,TUE,06-12,140
3125.0,2.113538276298737,20,94,PNIT,MON,00-06,125
3406.0,34.20152274214767,0,551,HPNT,SUN,00-06,136
629.0,7.230635631676062,50,238,PNIT,SAT,18-24,116
3478.0,-1.9952173569475171,50,110,PNIT,TUE,18-24,172
2311.0,,50,343,HJNC,THU,06-12,159
2501.0,9.80811479137369,5,82,PNIT,FRI,00-06,105
765.0,-6.881150213276733,50,348,HJNC,SAT,12-18,142
2060.0,16.019827155048027,0,464,PNC,MON,06-12,107
2485.0,16.893459794100515,5,598,HJNC,TUE,18-24,137
1292.0,23.251870490726247,0,480,PNIT,WED,18-24,97
2800.0,-8.687354846916552,0,544,PNC,SUN,18-24,128
3369.0,14.355719649522356,0,149,PNIT,SAT,12-18,119
1812.0,-7.619165502820103,0,72,HJNC,MON,00-06,37
663.0,21.551489898499405,0,469,HPNT,THU,18-24,53
594.0,-7.492240643455698,0,473,PNC,SAT,06-12,74
2305.0,31.02775317537347,0,536,HPNT,FRI,12-18,176
3380.0,21.593715509802344,5,138,HPNT,THU,00-06,94
1633.0,12.83253942883207,50,258,PNC,THU,06-12,143
2883.0,9.867676547652874,50,320,HPNT,SAT,06-12,174
1321.0,-4.119731631403193,50,455,HPNT,WED,12-18,149
737.0,,50,327,HPNT,WED,12-18,156
2928.0,29.10315972594033,50,255,HPNT,SAT,12-18,180
3446.0,30.700376520312226,0,377,PNC,SAT,18-24,125
3030.0,-9.966353123326103,0,385,PNIT,SAT,00-06,108
2460.0,16.736137616489806,5,87,HPNT,SUN,18-24,72
3449.0,22.368527406130113,0,277,PNC,SUN,12-18,124
1548.0,17.843614210592282,50,532,PNC,FRI,12-18,214
2176.0,-6.324410581014071,0,183,PNC,TUE,12-18,71
3029.0,-0.20237955404940067,5,439,PNC,THU,18-24,136
,1.265312032162372,5,474,HJNC,SAT,06-12,124
1463.0,27.427608408729036,5,559,PNIT,SUN,12-18,115
1036.0,10.843974633901421,0,476,PNIT,TUE,18-24,79
2103.0,11.907269537355656,0,523,HPNT,FRI,12-18,137
2479.0,32.070187094952885,50,410,PNC,THU,18-24,168
627.0,,5,260,HJNC,TUE,00-06,84
591.0,30.44004656986987,0,228,PNC,THU,00-06,49
1042.0,,0,107,HPNT,WED,18-24,28
1345.0,-3.2753683666767595,0,122,PNIT,SAT,12-18,37
2181.0,31.847101733333858,0,264,HPNT,WED,18-24,95
2351.0,10.64173020503922,0,122,HPNT,MON,00-06,54
2994.0,-1.8265860154530156,5,516,HPNT,FRI,18-24,150
889.0,3.6078083136765002,0,320,HPNT,SAT,00-06,53
3219.0,-7.713883463997599,0,548,HPNT,TUE,00-06,115
2384.0,11.073526615537332,5,403,HPNT,THU,06-12,104
542.0,28.390767735960644,0,283,HPNT,SUN,12-18,60
753.0,32.01112052030102,20,368,PNIT,MON,18-24,101
1583.0,31.967099337663967,0,68,PNIT,FRI,12-18,100
3210.0,-4.364648846706396,50,421,PNC,FRI,12-18,262
3014.0,7.192424712997564,50,233,PNC,FRI,00-06,220
2834.0,,5,326,HJNC,TUE,00-06,92
2040.0,28.482440523716278,50,194,HJNC,SAT,18-24,140
2453.0,6.144009290957321,5,130,PNIT,WED,18-24,111
3325.0,18.400266255150566,0,371,PNIT,MON,18-24,96
2892.0,22.170429713477986,0,484,HJNC,TUE,00-06,128
1141.0,9.343010138441993,0,92,PNIT,THU,06-12,50
2929.0,3.789905144760935,0,362,HJNC,TUE,18-24,92
1189.0,33.29958095521751,0,342,PNC,THU,00-06,55
1776.0,33.401970126073444,50,118,PNIT,THU,06-12,159
2450.0,3.0246365613509862,0,105,PNIT,FRI,12-18,146
1579.0,11.583129353500613,20,253,HJNC,TUE,00-06,103
1986.0,33.777987139701004,0,469,HPNT,WED,18-24,75
956.0,-9.780921655502354,50,599,HPNT,THU,18-24,182
1482.0,8.570521177061714,0,292,PNC,SUN,06-12,47
2630.0,-5.479410264356421,0,250,PNIT,FRI,06-12,128
1622.0,12.912108450317117,50,523,PNIT,WED,00-06,145
648.0,-8.889852045678078,0,576,HJNC,TUE,06-12,80
1852.0,8.310429412578255,0,126,HPNT,WED,00-06,72
1679.0,-0.06854163465991903,0,527,HPNT,TUE,06-12,53
689.0,13.998876310643336,50,489,PNC,THU,12-18,159
1382.0,34.81971420953148,0,312,HPNT,MON,18-24,71
2810.0,26.024124730703647,20,234,HPNT,MON,18-24,114
899.0,28.053894123098964,5,104,HPNT,SAT,12-18,55
3311.0,18.58692443115864,0,357,HJNC,SAT,18-24,109
1108.0,-8.129806827748364,0,565,HPNT,THU,18-24,104
2295.0,-0.6941045780135155,0,348,PNC,WED,18-24,111
2138.0,31.627905040117476,50,279,HPNT,TUE,18-24,166
2075.0,6.475090306793806,0,426,PNC,MON,12-18,137
3332.0,-5.336347308364199,20,335,HJNC,TUE,00-06,132
,21.608241463979088,50,187,HJNC,THU,18-24,165
1882.0,3.4755975770414587,0,527,PNC,WED,12-18,105
1903.0,2.098561080687725,50,56,HJNC,SUN,18-24,172
1319.0,34.908985500121716,50,468,PNIT,TUE,12-18,179
1319.0,28.616251626199443,0,521,PNIT,WED,12-18,120
919.0,8.357201826552846,5,469,PNIT,SUN,00-06,56
623.0,34.111754351742455,0,325,PNIT,MON,06-12,66
921.0,,0,139,PNIT,TUE,00-06,44
2008.0,23.39101033458921,5,331,HJNC,FRI,00-06,127
2097.0,-8.58191306130048,0,597,PNC,MON,18-24,111
1267.0,-4.52776332933743,5,220,HJNC,WED,12-18,83
2544.0,18.488830692330726,5,404,HPNT,THU,06-12,104
,30.456079219226773,5,253,PNIT,FRI,12-18,152
3066.0,18.068467673941804,0,338,PNIT,SAT,18-24,127
2702.0,-3.9688797556453697,50,511,HJNC,TUE,12-18,204
2639.0,-4.790797918915391,5,222,HPNT,SAT,18-24,126
2049.0,27.988365312083673,50,350,HJNC,MON,00-06,161
3002.0,-3.731394758143856,0,578,PNC,TUE,00-06,148
2264.0,13.410438222681144,20,189,PNIT,TUE,18-24,121
2544.0,-8.329900601696398,50,327,HJNC,FRI,00-06,175
3145.0,-6.369860467397018,20,560,PNC,FRI,12-18,188
1009.0,20.255672043928918,5,395,PNIT,FRI,06-12,97
1706.0,21.01316346923825,20,189,PNIT,FRI,06-12,99
885.0,5.366123297379907,20,163,PNIT,THU,12-18,87
2097.0,-0.2975605640629855,5,556,HPNT,WED,06-12,115
2952.0,26.616962184078858,50,415,HJNC,FRI,12-18,245
2793.0,-0.2303546738549347,5,446,PNIT,MON,18-24,120
1241.0,14.391218134987085,0,160,PNIT,TUE,06-12,50
3208.0,33.569397838830746,0,407,PNC,SAT,18-24,130
3197.0,-3.3466402961927297,0,287,HJNC,FRI,18-24,145
2411.0,32.3394320372619,5,52,PNC,MON,12-18,119
1946.0,-1.7698126119099111,5,453,HJNC,THU,06-12,104
1400.0,15.53494436104533,20,74,PNIT,MON,00-06,39
2612.0,6.965347038143506,0,558,HPNT,SAT,00-06,124
2760.0,33.421787067582166,20,514,PNC,SAT,00-06,180
2509.0,2.3093913050871606,50,110,HPNT,MON,00-06,161
741.0,7.984610093858915,5,557,HPNT,THU,12-18,126
3040.0,34.228705303493925,5,172,HPNT,SAT,18-24,96
2885.0,14.141167603481293,20,546,HJNC,THU,06-12,165
2520.0,12.618355202956408,5,104,HJNC,TUE,12-18,117
672.0,1.600031969179609,50,212,HPNT,FRI,00-06,144
1171.0,21.561360213969866,0,88,PNIT,SAT,06-12,34
663.0,-9.353217170000006,0,132,PNIT,MON,12-18,63
964.0,-7.771931663396791,0,595,HPNT,WED,18-24,103
996.0,16.971136421111122,0,162,PNC,WED,00-06,4
1199.0,5.375355821830436,0,474,PNC,SUN,06-12,78
2942.0,32.899236749043226,5,279,HJNC,TUE,06-12,74
1202.0,30.64358108252536,20,332,PNC,WED,00-06,95
2440.0,22.116781640451826,0,336,PNIT,TUE,18-24,117
2855.0,26.81655115075106,5,204,HPNT,FRI,00-06,115
2291.0,20.0299332350462,0,214,PNC,SUN,18-24,72
682.0,-4.348805378042769,50,231,HPNT,TUE,06-12,131
1128.0,24.449451636014118,0,288,PNC,THU,00-06,76
3057.0,-0.5413614076519124,0,388,HJNC,THU,18-24,124
2231.0,4.554928479508854,5,561,PNIT,SUN,18-24,118
1045.0,26.865539544608907,0,315,HJNC,THU,12-18,90
2087.0,14.14365237770517,0,236,HPNT,SAT,18-24,83
1123.0,28.697332138253415,50,89,PNIT,THU,00-06,105
1093.0,-0.4134106070531125,0,542,PNIT,THU,00-06,59
1243.0,17.350029737309924,0,440,HJNC,THU,18-24,65
2268.0,-6.229406235328227,0,309,PNC,THU,00-06,107
1959.0,18.937744709301334,0,225,HJNC,SAT,06-12,104
2448.0,24.31403169989906,0,378,HPNT,THU,06-12,95
3101.0,16.321890229042474,20,249,PNC,THU,00-06,147
2568.0,1.9804175674464606,50,245,HJNC,FRI,18-24,186
3101.0,-8.589579901350998,50,580,HJNC,SAT,06-12,210
2944.0,-4.62480022160714,0,111,PNC,THU,18-24,70
3172.0,18.00363405833118,20,376,PNC,TUE,00-06,156
604.0,32.048909757913115,0,330,PNC,SUN,12-18,65
2739.0,-0.7059518212597116,0,276,HJNC,FRI,06-12,108
516.0,23.076176709729445,0,107,PNC,SAT,00-06,31
892.0,28.99029784620687,50,526,PNC,WED,06-12,167
924.0,13.439698030137997,0,425,PNC,MON,18-24,73
2676.0,20.1169608129646,0,292,PNIT,SAT,12-18,105
1071.0,26.675689250426665,0,416,HPNT,SUN,12-18,79
2576.0,1.7303820983267109,5,549,PNC,FRI,00-06,128
1620.0,3.3603053420619347,0,301,HPNT,THU,06-12,65
741.0,-9.971761751719473,50,371,PNC,FRI,12-18,184
2779.0,,5,425,PNC,MON,06-12,123
1288.0,31.289520256835516,0,458,PNIT,MON,18-24,64
1214.0,24.405571869174366,0,537,PNIT,SAT,18-24,98
1258.0,-6.441579056050834,5,392,PNC,THU,00-06,72
3349.0,10.137630036477866,0,289,PNC,THU,12-18,118
1275.0,-5.414871071280124,0,188,PNC,TUE,12-18,93
3273.0,-9.283587973174063,20,171,HPNT,MON,06-12,85
2747.0,,0,469,PNC,THU,18-24,93
3492.0,33.237323768608476,20,353,HPNT,MON,12-18,165
578.0,30.62906105444676,0,164,PNIT,TUE,00-06,37
1355.0,21.353966672093197,5,392,HPNT,WED,00-06,58
3014.0,-5.6511737125807855,0,300,PNC,MON,12-18,112
3128.0,,5,56,PNIT,TUE,00-06,100
1939.0,4.402552709838094,20,228,HJNC,TUE,12-18,104
3487.0,,0,194,PNIT,SUN,12-18,135
2996.0,26.101213065580133,5,465,HJNC,TUE,12-18,133
2634.0,7.3297755345464175,20,170,HPNT,FRI,12-18,131
2648.0,8.804779847792435,20,173,PNIT,SAT,06-12,122
1531.0,-7.99709323257229,20,199,PNIT,THU,12-18,114
1344.0,3.0111523288442434,0,446,PNIT,MON,00-06,59
586.0,10.307832972993797,0,430,HPNT,SAT,18-24,56
2590.0,-4.735762912663409,0,50,PNC,FRI,06-12,122
907.0,10.397035733975962,0,293,HPNT,MON,18-24,67
3211.0,,0,447,PNIT,SAT,18-24,135
2168.0,16.1594458876274,0,300,PNC,FRI,18-24,96
647.0,-6.448156523271446,0,348,PNIT,THU,18-24,76
2824.0,-1.374790652637655,5,346,PNIT,TUE,18-24,87
731.0,11.35449575713503,0,549,HJNC,SAT,00-06,58
2450.0,6.266921741981545,0,164,PNIT,SAT,12-18,107
865.0,6.1427158795744425,20,50,HPNT,MON,00-06,42
2174.0,13.817035166461558,5,531,HPNT,TUE,06-12,136
935.0,16.297816471525582,0,559,HPNT,SUN,00-06,65
898.0,25.858770662428597,0,384,PNC,THU,06-12,51
1734.0,5.343495355811809,20,514,HJNC,MON,12-18,163
1914.0,26.245982736826406,20,190,HJNC,WED,18-24,87
3046.0,5.237505310068464,5,186,PNIT,WED,12-18,128
3087.0,-7.505515497644478,0,216,PNIT,WED,00-06,76
1062.0,14.938444295215604,50,392,HJNC,THU,00-06,141
2989.0,16.455604620266655,0,459,PNC,WED,12-18,146
1784.0,32.05431105298371,50,114,HPNT,SAT,12-18,139
1272.0,22.672759672811353,20,116,PNIT,SUN,00-06,92
,31.299769362249776,50,482,HJNC,MON,12-18,205
2537.0,30.875624460935434,20,99,PNC,SUN,06-12,102
3067.0,17.205834961620898,50,363,HPNT,SUN,06-12,167
1843.0,13.74929294014014,20,358,PNIT,SUN,00-06,101
2685.0,15.084843522361997,20,164,HPNT,SAT,00-06,97
2073.0,34.02488634547615,5,391,HPNT,WED,12-18,108
1491.0,24.792546128613147,0,579,HJNC,SUN,12-18,140
2915.0,-5.218034284342187,20,544,HJNC,SUN,18-24,169
1746.0,25.029278305162997,0,318,HPNT,MON,06-12,83
859.0,-2.3257877995798353,0,129,HPNT,SAT,00-06,30
,10.130774705253156,0,505,PNIT,THU,00-06,76
2876.0,-0.5293147520559582,20,348,PNC,TUE,00-06,117
3010.0,21.03123794899534,20,251,PNC,SAT,00-06,120
3493.0,29.478938128686607,20,552,HPNT,FRI,18-24,199
1462.0,3.066284841500643,50,534,HJNC,WED,06-12,176
2327.0,-6.309516645631557,20,67,PNC,FRI,18-24,123
3383.0,3.4321894133733473,20,527,HPNT,TUE,06-12,168
2113.0,20.25628360694875,0,537,HJNC,THU,00-06,119
2140.0,4.794205739950247,0,495,PNIT,SAT,06-12,96
2716.0,2.515047539921154,0,389,PNC,THU,00-06,119
716.0,-1.7004164237080772,0,580,PNIT,TUE,18-24,67
877.0,12.38823920934951,0,165,HJNC,FRI,06-12,82
618.0,2.417697267073441,20,123,HPNT,SAT,12-18,85
689.0,22.895465711276742,0,318,PNIT,WED,06-12,58
3314.0,-6.551991910350878,5,165,HPNT,MON,00-06,94
869.0,19.88148649000929,5,213,PNC,SUN,12-18,94
2301.0,0.6902006555496438,5,271,PNIT,THU,00-06,81
2696.0,12.017566747322142,20,175,PNC,TUE,12-18,152
1151.0,2.8740464914067267,20,225,PNC,SAT,12-18,126
2382.0,22.5245904204858,0,424,PNC,FRI,06-12,136
2011.0,32.53881681132365,0,547,PNC,WED,06-12,100
1269.0,31.2684550761416,0,134,PNC,FRI,12-18,86
2921.0,16.2541796814841,50,432,HJNC,WED,12-18,176
1280.0,10.817463646564029,5,512,PNIT,SAT,12-18,122
,26.823522924772185,20,500,HPNT,MON,00-06,117
2707.0,20.749686318247846,5,567,HPNT,MON,06-12,113
2898.0,-1.7396148602380208,0,599,HJNC,SUN,00-06,136
1811.0,26.941364612585012,20,165,HPNT,TUE,06-12,86
3439.0,9.29979752276196,0,57,HPNT,TUE,18-24,87
1749.0,-1.4956453012971203,0,267,HPNT,WED,00-06,78
1022.0,,0,453,PNIT,WED,06-12,99
1021.0,2.038716361175405,0,353,HPNT,WED,12-18,88
1282.0,13.364313857155704,5,516,PNIT,WED,12-18,106
2820.0,0.546654080504398,0,137,HPNT,SUN,06-12,78
1435.0,-4.439508066929073,20,59,HPNT,SAT,12-18,85
2730.0,-4.433911722380767,5,357,PNIT,SAT,12-18,155
2188.0,16.24742887125935,0,483,HJNC,MON,18-24,107
987.0,23.064167998222032,5,213,HPNT,TUE,18-24,67
2350.0,4.468985397725335,0,288,PNC,SUN,18-24,106
1345.0,-8.440718058369232,50,366,PNC,TUE,00-06,135
2671.0,-4.274880087834517,0,384,HJNC,THU,18-24,80
3337.0,31.16125521516757,0,67,PNC,TUE,18-24,83
2961.0,12.209464681525386,5,120,PNIT,TUE,18-24,67
2503.0,10.410776432682866,0,224,HPNT,FRI,06-12,106
2248.0,-8.28778697604591,20,388,HPNT,FRI,12-18,141
1185.0,22.788666004260456,0,297,HPNT,SUN,06-12,43
2660.0,13.76306364194355,20,242,HPNT,THU,18-24,135
3435.0,-0.9063578761065649,0,468,PNC,WED,00-06,131
2669.0,-5.046680791852427,0,374,PNC,THU,06-12,127
2067.0,7.252453863439932,0,355,PNC,THU,18-24,86
1745.0,27.672288388776153,20,253,PNIT,MON,00-06,99
538.0,28.938255164046105,0,172,PNC,SAT,00-06,41
3044.0,17.128087117803638,20,496,PNC,TUE,00-06,204
1279.0,22.739139225356418,5,540,HPNT,MON,12-18,132
1756.0,-4.817989566870834,0,482,PNC,SUN,00-06,80
3490.0,16.465672946053466,0,177,HJNC,SAT,18-24,103
2696.0,20.01345665692318,5,597,HJNC,SUN,06-12,133
3208.0,-0.96792206887935,0,96,HPNT,TUE,06-12,94
2427.0,29.606962980961654,0,554,PNC,SUN,18-24,142
801.0,-1.2251468115541115,50,164,HJNC,THU,12-18,146
2785.0,4.10648119309027,50,465,HJNC,TUE,12-18,201
1146.0,17.925058116055638,50,272,PNIT,WED,00-06,163
1162.0,18.725752930882884,0,552,HPNT,WED,18-24,68
2783.0,21.472313344431527,0,145,HJNC,THU,00-06,76
2259.0,-4.959472911930744,0,156,HJNC,SUN,00-06,84
2750.0,28.225899346784992,5,81,HPNT,FRI,18-24,98
755.0,13.978120952746693,20,542,PNC,WED,12-18,128
1097.0,11.209480734728075,0,115,HPNT,THU,12-18,52
1161.0,34.14939310310793,20,228,PNIT,MON,06-12,85
734.0,23.317023362345886,0,492,PNIT,FRI,18-24,93
1868.0,,0,598,PNIT,WED,00-06,108
3081.0,24.044262525180834,50,250,HJNC,THU,18-24,166
3407.0,-5.713797971220873,5,98,PNC,THU,00-06,115
1269.0,-8.763824686915681,0,312,PNIT,MON,06-12,72
3088.0,8.163165287145372,5,182,HPNT,MON,06-12,108
712.0,34.71101777686484,20,393,PNIT,FRI,06-12,125
962.0,-2.1302228712311813,0,225,HJNC,SAT,06-12,45
2983.0,20.26899545870555,0,440,PNIT,WED,00-06,118
782.0,-2.197177020724629,0,60,PNC,THU,12-18,54
1986.0,22.615413873127373,5,250,PNIT,FRI,00-06,75
1930.0,12.740915070702176,50,52,PNC,SUN,06-12,129
587.0,20.598726954021934,50,263,PNC,FRI,12-18,183
1567.0,-0.8707070838594433,5,356,HPNT,SUN,18-24,73
960.0,23.553274963422588,0,593,PNC,MON,00-06,101
2825.0,34.8028576830218,0,376,HJNC,THU,18-24,109
2968.0,19.95427252816819,0,248,HJNC,TUE,06-12,88
2224.0,12.206599913279497,20,158,PNC,SAT,18-24,108
1876.0,31.542829487866918,0,340,PNC,SAT,12-18,95
3243.0,-9.286667099565566,20,157,PNIT,MON,12-18,144
1014.0,22.846558367861952,0,457,PNIT,SUN,12-18,92
1202.0,,0,101,HPNT,THU,00-06,52
2153.0,-7.2246437370569145,5,161,PNIT,FRI,18-24,126
2566.0,,0,344,HJNC,SAT,18-24,89
522.0,-0.7876245722500492,0,238,PNIT,FRI,18-24,87
2960.0,15.493317451452352,5,114,HPNT,WED,06-12,83
1553.0,19.229433137164722,0,514,HPNT,TUE,00-06,88
2330.0,3.618043231793976,0,307,PNC,MON,00-06,81
2655.0,10.699175135514537,20,380,HPNT,SUN,18-24,105
1804.0,2.570276837445178,0,550,PNC,SAT,00-06,108
1634.0,6.622602400480119,50,259,HJNC,WED,18-24,147
2683.0,-2.820701949020939,5,138,HJNC,WED,18-24,87
861.0,29.850174961353417,0,77,PNIT,TUE,18-24,58
2676.0,-9.54953152483886,0,287,HPNT,MON,12-18,137
2399.0,29.70841338997048,0,385,HJNC,MON,06-12,116
1784.0,15.725549525738234,0,112,PNC,FRI,00-06,83
1014.0,4.9246029879657875,5,549,HPNT,MON,06-12,88
948.0,22.537570645714837,0,590,HPNT,WED,12-18,92
2423.0,12.848846833819895,20,518,PNC,FRI,00-06,171
2006.0,12.459889614842293,0,100,HPNT,MON,18-24,60
1747.0,-5.0435972686465105,0,161,HPNT,SUN,06-12,69
2355.0,7.528221167543389,20,350,HJNC,SUN,12-18,126
1373.0,0.8478955635531484,50,139,PNC,TUE,00-06,120
3020.0,-9.293684248167416,5,278,HJNC,WED,00-06,80
1928.0,6.204483385195097,50,199,PNC,THU,06-12,132
2849.0,-5.958004175847787,50,187,PNIT,TUE,06-12,174
2778.0,1.5573516976333348,50,184,HPNT,TUE,00-06,142
2254.0,-5.83675204676075,0,506,HPNT,MON,00-06,131
1422.0,-5.457626849962052,50,543,HJNC,FRI,12-18,232
3484.0,-1.044491751316528,0,576,HPNT,FRI,18-24,174
2659.0,34.99321600188801,20,382,HPNT,SUN,18-24,151
1536.0,-9.901713571423805,5,411,HJNC,WED,12-18,107
1916.0,18.740268625418235,50,223,HJNC,MON,00-06,134
3047.0,-3.64403358880492,0,262,PNC,FRI,06-12,125
3479.0,31.428266151984914,20,392,PNIT,SUN,06-12,122
3145.0,-5.786519799986685,0,110,HJNC,SAT,00-06,101
2781.0,32.97784342068064,5,110,PNC,THU,12-18,98
3149.0,17.491687436756507,0,573,HJNC,SAT,00-06,118
813.0,-9.94293653880294,5,265,PNC,MON,06-12,50
3113.0,30.230323906256274,5,472,PNIT,MON,00-06,127
2756.0,13.477031061511322,50,472,PNC,FRI,00-06,219
2497.0,1.8201380898718043,50,420,PNC,TUE,12-18,194
1537.0,24.527562988203357,0,255,HPNT,MON,18-24,63
2156.0,31.69994992490915,0,335,HJNC,TUE,06-12,94
,11.766087041605726,50,154,PNC,WED,06-12,146
2278.0,4.19990634993999,50,592,HJNC,SUN,00-06,193
1514.0,25.502530577071703,0,291,PNC,WED,06-12,64
1593.0,20.68034740048046,0,540,HPNT,FRI,06-12,95
1624.0,29.993861768762258,20,547,HPNT,WED,18-24,110
1197.0,21.16313057425368,50,484,PNIT,SAT,06-12,145
2679.0,0.9587752504791336,0,533,PNC,SAT,06-12,141
1904.0,31.924666239155854,0,496,HPNT,SAT,12-18,124
1655.0,-5.282391375730391,0,433,HJNC,FRI,12-18,140
1543.0,2.0574237548081538,5,559,PNC,FRI,12-18,146
2429.0,13.408757347574852,20,219,PNC,SAT,12-18,122
3083.0,15.458391173190563,0,372,PNIT,TUE,12-18,111
1513.0,-9.311023601789255,5,523,HJNC,SAT,18-24,95
726.0,25.1257726619423,5,281,PNIT,TUE,06-12,80
2328.0,6.272329329142529,0,408,PNC,WED,00-06,77
1992.0,8.288834345096202,0,324,PNIT,TUE,18-24,73
1321.0,,0,81,PNC,MON,00-06,58
2523.0,7.067752627739505,20,226,PNC,THU,12-18,146
1370.0,-7.874880557736033,0,114,PNIT,MON,06-12,37
2952.0,-2.060210328834236,20,76,PNIT,MON,12-18,144
2749.0,33.01564275746821,0,528,PNC,FRI,18-24,141
2585.0,-6.831758691886863,0,317,PNIT,THU,00-06,76
3489.0,5.9719040435607305,5,115,PNIT,FRI,06-12,151
2295.0,12.643062517310504,20,182,PNC,TUE,18-24,105
687.0,12.197637230235202,0,415,HJNC,SAT,18-24,62
1580.0,-9.821802564453575,20,131,PNIT,SUN,06-12,87
1440.0,12.552322915587066,50,377,PNIT,SUN,06-12,136
2820.0,7.269760608983415,20,147,HPNT,SUN,18-24,102
3130.0,33.74357009635507,0,376,HJNC,TUE,00-06,131
3063.0,,50,591,PNIT,THU,00-06,233
1025.0,5.936938854177274,50,174,PNC,WED,18-24,106
835.0,8.876666829041888,0,259,HPNT,TUE,18-24,46
3245.0,7.581209169542696,50,182,HPNT,MON,12-18,188
1578.0,19.962387244333815,0,552,HPNT,THU,12-18,119
3047.0,-0.30192141035040265,5,206,PNIT,THU,00-06,84
3447.0,-0.05178012337036719,0,431,PNC,TUE,12-18,151
3313.0,22.814492682538386,0,71,HPNT,TUE,00-06,94
3083.0,12.513073340518083,0,468,HJNC,FRI,06-12,161
661.0,8.682005422578968,0,521,HPNT,FRI,12-18,136
1093.0,-2.3858626745236684,5,283,HPNT,MON,00-06,68
2438.0,-1.5612749689525032,20,503,HJNC,THU,00-06,153
2706.0,-9.525176343284475,0,211,HPNT,SUN,18-24,93
559.0,-5.885817901223084,50,350,HPNT,WED,00-06,108
3462.0,15.057741261060848,5,355,HJNC,WED,12-18,120
2401.0,30.13429085037844,0,51,PNIT,THU,18-24,67
2758.0,,20,320,HJNC,MON,18-24,146
905.0,4.748625165325766,50,470,PNIT,SUN,12-18,176
1163.0,-4.797747522481951,0,192,PNIT,FRI,06-12,91
1632.0,7.488392552319624,0,584,PNIT,FRI,12-18,135
1599.0,-8.325023294380188,5,86,HJNC,FRI,12-18,109
1041.0,31.29203133178551,0,156,HJNC,WED,18-24,63
1837.0,20.29001066560379,0,346,PNIT,WED,12-18,108
1497.0,34.58369642269485,50,146,HJNC,MON,06-12,131
1640.0,29.727042320532213,50,330,PNIT,WED,06-12,159
3474.0,11.284576716416868,5,159,HJNC,TUE,06-12,106
1367.0,13.385826401766959,5,598,PNC,WED,18-24,122
2566.0,-1.4240779067262768,50,237,HJNC,FRI,12-18,213
931.0,10.791770427780001,50,537,HJNC,MON,00-06,156
1239.0,30.63625430717652,50,403,HJNC,THU,12-18,154
1873.0,-7.711595936388049,0,68,PNIT,THU,06-12,72
682.0,28.860056134923937,50,442,PNIT,MON,12-18,148
2660.0,5.3426510739174375,0,310,PNC,TUE,18-24,97
1706.0,30.478074429333944,50,459,PNC,THU,12-18,197
3028.0,32.33959578536681,0,452,HPNT,FRI,18-24,172
1669.0,20.188919915085766,0,533,PNC,THU,00-06,100
1330.0,19.899070396670503,5,353,PNIT,THU,00-06,100
2151.0,10.373945196893303,0,67,PNC,FRI,18-24,90
1636.0,27.599310104466838,0,233,PNC,WED,12-18,77
3310.0,33.27257412949774,50,454,HJNC,TUE,06-12,238
975.0,24.878681015260362,0,180,PNC,SUN,18-24,29
3310.0,17.987153019051913,50,528,HPNT,FRI,12-18,297
1826.0,,0,57,HJNC,FRI,12-18,126
1470.0,28.2261455712648,5,367,PNIT,SAT,12-18,94
1519.0,14.354169459708427,0,440,HPNT,MON,06-12,94
1641.0,26.173694881197022,5,568,PNIT,TUE,06-12,86
2336.0,12.89983648284106,0,185,HPNT,WED,06-12,84
660.0,-7.190007626173414,50,580,HJNC,SAT,18-24,161
2948.0,7.277615400686987,0,416,HPNT,SUN,18-24,123
697.0,9.999843095217443,5,538,HPNT,FRI,06-12,109
1783.0,-3.6272239756022255,0,60,PNC,SUN,18-24,54
1159.0,-5.387665186485424,0,495,PNIT,SUN,06-12,89
2275.0,14.095922734562937,20,163,HJNC,SUN,18-24,94
1570.0,-6.168536354976304,50,245,HPNT,SAT,12-18,181
2510.0,3.6325325550537784,50,372,PNIT,WED,06-12,174
898.0,23.506863918338418,0,561,PNIT,SAT,18-24,89
2233.0,33.39944808055913,50,214,PNC,SAT,12-18,158
2082.0,22.304176124836786,50,301,PNIT,SAT,12-18,151
2625.0,34.66814968037916,5,93,HJNC,FRI,18-24,89
2671.0,21.42520870757312,50,519,PNC,FRI,12-18,249
574.0,3.220751179444738,50,538,HPNT,MON,00-06,138
2684.0,20.242364322741285,0,230,HJNC,THU,06-12,97
1101.0,21.597054433860674,0,126,HJNC,TUE,06-12,69
1336.0,6.727714307740726,0,423,HJNC,MON,12-18,110
2028.0,-9.202876722577495,0,116,PNC,WED,18-24,68
999.0,21.64399031489691,50,574,PNIT,SAT,00-06,172
2096.0,-9.023495712600628,50,141,HJNC,FRI,18-24,187
637.0,18.4034635127032,0,293,PNIT,SAT,06-12,56
2597.0,-2.6372580065850215,0,390,PNIT,FRI,12-18,160
2294.0,15.452158748661951,5,353,HJNC,SUN,00-06,90
1472.0,,50,447,PNIT,TUE,12-18,164
2142.0,-9.391886096221784,5,497,PNC,MON,00-06,102
2385.0,6.328961764779656,50,146,PNC,MON,12-18,162
2801.0,17.049102532833622,5,380,HPNT,WED,18-24,106
2528.0,28.187294835445087,20,254,PNIT,SUN,06-12,133
3257.0,29.988895122643278,5,498,PNIT,MON,12-18,111
2400.0,11.773248651495049,0,467,HPNT,MON,12-18,121
3110.0,22.779011928474716,50,126,PNC,THU,00-06,170
3304.0,4.2404559440055944,0,598,HPNT,TUE,18-24,146
1949.0,,5,474,HPNT,SAT,18-24,91
1046.0,-1.2491416367958816,0,478,HPNT,MON,00-06,104
1421.0,15.287664949695767,0,534,PNIT,WED,18-24,71
1080.0,4.155386791731436,0,184,PNIT,SAT,06-12,44
1872.0,-6.203309660267273,50,303,PNIT,FRI,12-18,198
2456.0,20.825273899843044,0,304,PNIT,SUN,00-06,84
2503.0,21.848894342242918,20,548,HJNC,SUN,18-24,165
2596.0,6.199658845057602,5,533,HPNT,MON,06-12,122
3464.0,-6.5474470244789735,0,95,HPNT,MON,06-12,93
1203.0,9.183397283154168,0,492,PNIT,SAT,18-24,96
2808.0,9.905095612259696,5,53,PNC,FRI,18-24,99
2903.0,20.090189820405183,0,50,HJNC,THU,00-06,70
2125.0,4.193737606640756,0,339,HJNC,TUE,18-24,111
1137.0,20.716967590158745,0,158,PNC,THU,00-06,54
3290.0,29.216984379082476,0,509,PNIT,WED,12-18,130
1509.0,0.6868719062989932,50,315,HJNC,SAT,06-12,133
3478.0,34.05138002539549,0,187,HJNC,MON,00-06,111
1140.0,7.386566171156314,0,483,HPNT,THU,06-12,64
3339.0,2.0266408316177795,20,93,HPNT,TUE,12-18,128
3159.0,,0,559,PNIT,WED,18-24,132
2361.0,-5.752113584326338,50,311,PNIT,SUN,00-06,163
3356.0,-4.343234206954795,20,201,HPNT,THU,18-24,149
1705.0,8.649532113574914,20,262,HPNT,MON,06-12,63
1185.0,24.3100034872595,20,283,HPNT,TUE,00-06,99
2351.0,30.514050780852088,5,410,PNC,MON,12-18,121
687.0,19.91680958223219,5,369,HJNC,MON,12-18,107
2119.0,-5.265120014282362,20,271,PNIT,WED,18-24,105
2187.0,20.240889298124078,0,259,PNIT,TUE,12-18,96
1484.0,18.594256431633738,20,445,PNC,FRI,12-18,164
1047.0,26.25937632319991,0,538,HPNT,SUN,18-24,74
3272.0,27.13618999934814,20,513,HJNC,MON,18-24,147
3473.0,29.06913841005405,5,501,HPNT,TUE,00-06,134
1931.0,8.635918156059425,5,462,PNIT,MON,00-06,126
1375.0,21.403897790846493,0,525,PNC,THU,18-24,82
1117.0,2.071266151503984,0,305,HJNC,THU,06-12,52
2961.0,34.970132599257695,0,199,HJNC,TUE,06-12,83
1865.0,-2.1099591380413028,0,176,HJNC,SUN,00-06,64
1743.0,-9.54485057526239,0,441,HJNC,WED,00-06,115
1402.0,-3.3036078466820795,0,529,PNC,FRI,18-24,109
662.0,24.9142530294857,50,446,PNIT,THU,06-12,180
2474.0,10.105265442869516,5,451,HJNC,WED,18-24,118
769.0,10.137511151469273,0,323,HJNC,FRI,00-06,72
1131.0,32.976031382525086,0,188,PNIT,THU,12-18,63
1405.0,31.383570861263344,0,152,HPNT,FRI,12-18,74
2514.0,4.003763201180414,0,291,HJNC,SAT,12-18,110
2141.0,-0.5923842048610233,0,166,HJNC,MON,18-24,85
704.0,28.18169944701829,0,263,HPNT,TUE,06-12,50
1081.0,30.770858196996343,0,533,PNIT,THU,00-06,96
2079.0,14.371861525931912,5,578,PNIT,THU,06-12,123
1340.0,18.324067000269523,50,273,HJNC,MON,06-12,157
2336.0,1.5611428111532017,0,319,PNIT,THU,00-06,73
1751.0,26.03612095903361,0,183,HPNT,THU,06-12,76
2219.0,18.44550928020604,0,163,PNC,SAT,12-18,118
2142.0,12.658108008409847,5,490,HPNT,THU,00-06,147
3143.0,-7.295114976472188,20,414,HPNT,THU,12-18,185
2797.0,31.21707331300192,20,281,PNC,THU,18-24,126
,17.69531391729827,0,507,HPNT,WED,12-18,93
1964.0,-1.3289007388164418,5,424,HJNC,THU,18-24,86
2743.0,17.287375264237376,5,256,HJNC,MON,18-24,95
1189.0,20.4858509407988,5,569,PNIT,SAT,00-06,126
2510.0,13.659665150745148,5,517,PNIT,THU,12-18,131
3186.0,22.31457820802101,20,492,HPNT,FRI,12-18,205
1922.0,16.16542765678809,0,370,HJNC,SAT,12-18,119
2501.0,32.64963119144667,5,142,HJNC,SAT,00-06,32
1171.0,-7.5836314630311925,0,457,PNC,FRI,18-24,93
1671.0,-5.2189431188697775,5,207,PNIT,MON,18-24,100
1995.0,-2.184776337054707,0,148,HJNC,WED,18-24,80
1443.0,21.057698177194947,50,274,HPNT,SUN,00-06,157
2746.0,19.05181427374139,0,490,HJNC,SUN,00-06,99
1949.0,30.14264870943623,50,450,PNIT,MON,06-12,190
3039.0,22.979485379775426,0,113,HPNT,WED,12-18,89
1395.0,12.875996940406651,5,328,PNIT,TUE,18-24,79
2689.0,34.63243066086336,0,568,HJNC,FRI,06-12,161
1836.0,1.9748580276184633,50,297,HJNC,SAT,06-12,163
664.0,27.493624690345428,20,417,HJNC,SAT,12-18,122
2861.0,9.205566748726373,0,147,PNIT,SAT,00-06,78
2568.0,19.19308124940804,50,317,HPNT,FRI,06-12,170
1605.0,22.727081170359533,50,109,HJNC,FRI,00-06,159
2253.0,18.518933923565136,20,549,HJNC,SUN,00-06,107
2852.0,-3.6771713601133023,5,357,HJNC,SUN,12-18,138
2438.0,9.932795483656975,0,542,PNC,SUN,06-12,98
870.0,15.264727006990597,0,460,PNC,WED,18-24,71
2380.0,28.206969163036852,0,189,HPNT,SAT,06-12,68
1352.0,9.964058695935755,5,377,PNIT,MON,18-24,90
883.0,31.34362871619132,20,513,HJNC,WED,18-24,97
2431.0,9.81684003613448,5,212,HJNC,SAT,00-06,91
2992.0,14.695093666835525,5,109,PNIT,FRI,18-24,121
924.0,25.832855732426047,0,80,PNIT,FRI,12-18,87
2708.0,16.238045798996463,20,382,HPNT,FRI,06-12,168
1128.0,33.20981325722711,0,125,PNIT,SAT,00-06,27
1394.0,19.715112373135742,50,366,HJNC,SUN,00-06,131
3037.0,13.521925433042046,0,466,HPNT,FRI,18-24,168
2874.0,-8.938361449864185,20,239,PNC,TUE,00-06,98
1097.0,8.617980391114841,0,538,HPNT,FRI,12-18,168
2836.0,3.466178866707219,50,364,HPNT,SAT,12-18,196
1092.0,23.664755054937018,50,345,HPNT,SUN,00-06,128
2187.0,-0.6275046180904393,0,550,PNIT,WED,00-06,121
1072.0,,0,226,HJNC,FRI,12-18,95
2575.0,-1.4716430543180454,0,264,PNIT,SUN,18-24,92
2590.0,-4.347297407969383,5,381,HJNC,SUN,00-06,126
2204.0,3.9953151651899326,20,177,PNIT,THU,18-24,112
2970.0,29.866495149954126,0,318,HPNT,TUE,00-06,107
676.0,24.87178125376797,50,584,HJNC,SAT,12-18,186
1028.0,23.086304733805704,0,415,PNIT,FRI,00-06,102
2133.0,25.88015625424832,50,397,HPNT,THU,00-06,179
1465.0,2.1238050198307246,0,191,PNC,SAT,00-06,42
2017.0,29.93487608386195,50,194,PNIT,WED,12-18,186
697.0,-3.821348118627802,0,294,PNIT,TUE,12-18,70
3157.0,5.1355577022011865,0,491,PNC,SUN,12-18,144
3389.0,16.40366535353043,0,339,PNIT,FRI,06-12,136
1352.0,-5.369271024609972,50,161,PNC,WED,06-12,137
2037.0,22.85585844993912,0,263,HJNC,SAT,06-12,92
2569.0,7.426072169156374,0,249,PNC,THU,06-12,71
1580.0,25.298254952378002,50,454,HPNT,SAT,12-18,180
3389.0,12.180332851307124,0,470,PNC,SAT,00-06,127
597.0,-1.8606464008598635,5,56,HJNC,TUE,12-18,61
2403.0,23.064281510990497,0,574,PNC,FRI,06-12,141
934.0,1.3464780127524598,20,335,PNC,WED,18-24,85
1136.0,12.086463557061926,0,438,HJNC,TUE,18-24,89
1087.0,-6.601002887939158,0,465,PNIT,THU,12-18,105
843.0,17.803999448541653,50,199,PNIT,SUN,00-06,124
1817.0,19.963599479732476,0,477,HPNT,FRI,06-12,142
2479.0,7.04033944877526,0,342,HPNT,SUN,00-06,73
1070.0,32.949025114448325,50,383,PNC,TUE,00-06,156
,29.33760146669308,20,321,PNIT,THU,00-06,99
2227.0,21.857341208299765,50,92,PNIT,THU,06-12,116
2790.0,22.11434335221842,20,517,PNC,WED,12-18,184
2354.0,1.358077172396806,50,368,HJNC,SAT,06-12,177
3108.0,19.556685398980203,0,541,PNIT,THU,06-12,137
1459.0,-1.0807180644016157,20,576,HPNT,THU,12-18,142
2579.0,-3.519854923608005,0,221,PNC,SAT,12-18,115
2938.0,34.97605523911611,20,370,HJNC,MON,12-18,144
2824.0,18.006916916292838,20,93,HPNT,THU,18-24,85
1031.0,9.394454269573572,50,581,PNIT,FRI,18-24,193
1677.0,2.96740352977781,20,503,HJNC,SUN,12-18,153
2930.0,17.176419964800232,0,132,HPNT,SUN,00-06,97
1591.0,-7.768292130096125,50,592,PNC,TUE,18-24,178
2401.0,-5.739355427284222,0,371,HJNC,SAT,06-12,96
1383.0,-8.521448601682165,0,283,HJNC,SAT,06-12,81
2761.0,12.462642496819779,0,589,PNC,SAT,18-24,119
2178.0,17.027298313423216,0,301,PNIT,FRI,06-12,105
2923.0,-7.188410738898062,50,498,PNIT,SAT,12-18,237
3291.0,22.455101037451243,0,288,HJNC,FRI,06-12,130
2760.0,0.36777821815539724,50,539,HJNC,SUN,18-24,207
2626.0,20.834065419643974,50,513,HJNC,WED,00-06,209
2249.0,34.18537130158605,0,363,HPNT,MON,06-12,94
3175.0,21.0997641524233,0,224,HJNC,SAT,06-12,99
3151.0,,50,229,PNIT,SUN,00-06,197
1281.0,32.66893280343803,0,434,PNC,MON,18-24,59
3227.0,11.903797175854198,50,344,PNC,SUN,00-06,164
2605.0,21.604624073886807,0,264,PNC,SAT,06-12,100
1380.0,28.338616410012875,0,124,HJNC,FRI,18-24,73
946.0,6.047401079347374,0,393,HJNC,SUN,12-18,101
2613.0,1.7628792452177695,50,191,PNC,TUE,18-24,155
2283.0,32.596935775025244,5,248,HPNT,MON,18-24,100
1777.0,22.68365751659681,0,220,HPNT,MON,12-18,74
2491.0,-0.11430399808781644,0,455,HPNT,FRI,18-24,144
1567.0,10.208752670425103,5,277,HPNT,MON,06-12,69
2077.0,25.84032962920142,0,460,PNIT,WED,06-12,108
1511.0,14.617834591329895,0,111,PNC,FRI,06-12,116
2774.0,19.247844417465007,0,376,PNIT,MON,06-12,91
1273.0,23.91956909202736,0,182,HJNC,MON,12-18,68
3226.0,17.990413496404127,20,238,HPNT,MON,06-12,126
2314.0,14.303569486498809,0,405,HPNT,FRI,18-24,131
3148.0,23.732642797449806,20,120,PNC,TUE,00-06,80
,22.740336594449033,50,312,HPNT,THU,12-18,195
1701.0,18.344258008243052,0,355,PNC,SUN,12-18,96
1950.0,6.190523602186833,0,273,HJNC,SAT,00-06,73
3256.0,8.26154414901222,0,377,HPNT,SUN,06-12,117
806.0,33.669734699784385,0,123,HPNT,MON,06-12,43
1278.0,-4.942633046881338,5,560,PNIT,SUN,18-24,104
3051.0,2.0827212763775886,0,191,PNC,THU,06-12,73
2815.0,12.158079164195108,20,151,PNC,THU,06-12,107
507.0,27.652835876470363,0,114,HPNT,MON,18-24,27
3055.0,-2.6345951321622465,0,242,PNIT,MON,06-12,103
975.0,2.462957815607444,0,111,HPNT,SAT,00-06,26
1820.0,-7.039080199214246,0,581,PNC,THU,06-12,107
2711.0,21.76933697228683,5,290,PNC,TUE,00-06,124
984.0,0.7194245964027264,0,459,HPNT,THU,00-06,35
3114.0,7.490363780192773,5,349,HJNC,TUE,00-06,112
1404.0,9.966565116335055,20,244,HPNT,SUN,06-12,62
1058.0,30.109127102290508,0,503,PNIT,WED,06-12,81
2467.0,8.509863064905655,50,350,PNC,TUE,12-18,201
2785.0,-3.4648741038137922,0,505,PNC,SAT,18-24,108
1627.0,13.594172225305446,0,251,HPNT,FRI,18-24,111
1733.0,33.33310975918833,0,351,HJNC,SUN,12-18,120
3101.0,17.345853847286495,20,386,PNC,MON,00-06,146
3375.0,34.252424920725765,50,81,HPNT,WED,18-24,152
967.0,27.849828902249158,0,147,HJNC,THU,12-18,72
2933.0,-8.381540970396424,50,240,HPNT,TUE,00-06,192
3322.0,19.62798179196688,0,590,HPNT,WED,12-18,135
1347.0,2.904509490104765,5,97,HPNT,SUN,06-12,70
2934.0,15.182758504012572,0,299,PNC,FRI,06-12,109
3424.0,2.570533591905196,50,275,HJNC,TUE,00-06,158
758.0,5.699168747238067,0,321,PNIT,SAT,00-06,38
782.0,,0,534,PNIT,THU,06-12,78
,-0.7010566798732611,5,377,PNC,THU,18-24,117
2398.0,29.334910311162368,0,229,PNC,TUE,18-24,50
539.0,-8.629398636827643,20,72,HPNT,FRI,06-12,102
3033.0,-5.910555773365823,0,419,HPNT,MON,18-24,110
3476.0,28.46037686229186,50,294,HJNC,MON,06-12,167
2767.0,,20,209,HPNT,THU,12-18,145
1514.0,23.62562621177976,0,422,HJNC,SUN,12-18,95
1112.0,-0.5762048130165596,0,334,HPNT,SUN,12-18,119
3475.0,14.168755501554656,0,570,HPNT,FRI,18-24,173
2415.0,23.17486506070871,20,499,PNIT,THU,12-18,159
1187.0,18.229136165461814,0,185,PNC,MON,00-06,61
1112.0,11.226444510104425,0,145,HJNC,THU,00-06,66
2807.0,33.19027038969716,0,168,PNIT,TUE,12-18,124
2913.0,20.42708000540504,20,423,HPNT,SUN,00-06,154
2281.0,30.848786010855704,0,323,PNIT,SUN,12-18,128
2310.0,22.839673020815653,5,226,HJNC,SAT,12-18,124
3091.0,23.09585878689574,50,326,PNC,TUE,06-12,193
3196.0,-6.39917786090443,5,187,PNIT,SAT,12-18,114
2047.0,6.175907983427461,20,181,HJNC,FRI,00-06,147
2430.0,28.62662330238463,0,93,HPNT,MON,18-24,61
3361.0,0.46717379669401815,5,172,PNIT,FRI,12-18,155
1652.0,-4.802236022959022,50,185,PNC,FRI,06-12,160
1074.0,4.674772548745704,0,416,HJNC,MON,00-06,83
2410.0,-0.08029517983237255,50,422,PNC,WED,06-12,194
1512.0,31.63796876569198,5,175,HPNT,WED,12-18,79
1169.0,,0,488,PNC,THU,12-18,81
768.0,12.48574536273069,20,100,HPNT,WED,12-18,100
1783.0,-7.239525648225939,50,186,HPNT,TUE,12-18,174
1423.0,22.155305574192035,0,207,PNIT,SUN,00-06,82
1625.0,18.05352791013191,0,105,HPNT,SAT,18-24,66
2029.0,33.674960182782314,0,477,PNC,SUN,12-18,132
2258.0,15.152895812166964,50,492,PNIT,FRI,06-12,198
2094.0,5.137717553130923,5,375,HPNT,SUN,00-06,107
746.0,13.35597621103501,0,129,HJNC,THU,00-06,70
2060.0,34.066848113203235,20,523,HJNC,FRI,00-06,155
2678.0,21.336309463986375,50,426,HPNT,MON,06-12,162
2900.0,20.238926206717302,20,382,PNIT,SUN,18-24,138
2743.0,0.8306715376648413,50,224,PNIT,WED,06-12,176
2439.0,23.462113290227798,20,490,PNIT,MON,06-12,141
1429.0,23.76223232622973,5,175,PNC,THU,06-12,90
3192.0,4.278004269915739,50,268,HJNC,SAT,12-18,182
726.0,11.767122457582094,0,327,HPNT,TUE,12-18,54
3248.0,3.257149982320522,5,534,HPNT,WED,06-12,157
764.0,1.6417281645929016,20,190,HJNC,MON,06-12,53
1895.0,-8.834676838773168,50,159,PNC,SAT,12-18,163
1957.0,2.834528509399945,5,101,PNIT,SUN,12-18,107
1145.0,14.928647744522369,20,368,HJNC,WED,18-24,102
2758.0,-9.927946560293703,0,248,HPNT,FRI,06-12,109
1918.0,2.744858771435034,0,95,PNC,TUE,00-06,76
1973.0,29.66346495454625,0,554,HPNT,SUN,18-24,107
3490.0,16.71418632983124,0,589,PNIT,SAT,00-06,135
1887.0,17.35382708364412,0,563,HJNC,WED,18-24,128
2399.0,8.151393726185894,20,66,PNIT,SUN,06-12,88
3004.0,20.441246457158496,5,364,PNC,TUE,00-06,104
3272.0,-1.4530255196338384,50,485,HJNC,SAT,12-18,205
1749.0,26.843606467288623,5,437,PNIT,FRI,18-24,144
1481.0,-4.748989602884508,0,126,PNIT,FRI,00-06,88
1654.0,19.520060959389916,5,420,PNIT,MON,18-24,85
1087.0,5.351719661885737,0,214,PNC,THU,06-12,31
975.0,23.63808367621146,5,73,PNIT,MON,00-06,65
2321.0,14.7394048069709,0,84,HPNT,TUE,00-06,57
1485.0,10.355886731542231,0,563,HJNC,MON,00-06,68
2703.0,-2.375991905803885,0,510,HJNC,SAT,18-24,116
1741.0,18.656965892795878,0,187,PNIT,WED,12-18,99
689.0,33.86464295391859,20,314,PNC,SAT,12-18,115
1940.0,27.152154120815673,0,382,HPNT,MON,12-18,108
1480.0,-7.299631333494469,50,237,HPNT,THU,06-12,131
2198.0,6.930322026253599,0,112,HJNC,SAT,00-06,56
2215.0,31.651235413562233,20,328,HJNC,SAT,12-18,156
3093.0,12.636968640065962,50,591,HPNT,SAT,12-18,196
540.0,19.795032161368063,5,220,HJNC,THU,00-06,36
2854.0,31.06697055161257,0,552,PNIT,SAT,06-12,120
1442.0,29.320761068894633,50,582,HPNT,TUE,18-24,142
837.0,12.581916899322994,0,348,HJNC,FRI,18-24,88
1837.0,9.694083619592092,0,250,PNIT,THU,18-24,53
1598.0,,5,184,PNIT,TUE,00-06,74
2826.0,22.355874942330104,5,321,HPNT,THU,06-12,97
1395.0,2.914405976219447,0,584,PNIT,THU,00-06,90
2820.0,1.2449422893905062,50,491,HPNT,FRI,18-24,210
3384.0,6.031245257170106,0,136,PNIT,WED,12-18,121
3167.0,-2.0253224404543593,0,80,HPNT,TUE,12-18,100
2174.0,21.280391717559528,5,170,HPNT,THU,12-18,112
3409.0,17.730829219877553,0,118,HPNT,SUN,18-24,108
1430.0,11.72953403521296,5,545,HPNT,THU,06-12,96
788.0,7.56466006676996,0,195,PNIT,MON,18-24,34
1223.0,30.907814430352914,0,382,HPNT,SAT,00-06,66
3440.0,-8.689429675490262,50,530,HJNC,WED,06-12,246
2819.0,24.609848457828463,50,312,PNIT,FRI,12-18,213
2453.0,30.585930728699992,20,342,HPNT,SUN,06-12,120
1589.0,10.085956074346669,0,478,PNIT,TUE,06-12,92
982.0,14.781072116179104,0,135,PNIT,THU,18-24,51
1435.0,32.500865954691704,5,65,PNIT,SAT,06-12,54
2795.0,-0.447511812151852,0,167,PNIT,TUE,18-24,109
655.0,13.40606815031082,20,319,HPNT,FRI,00-06,118
1570.0,11.36245072076958,50,444,PNIT,WED,06-12,158
2458.0,1.6276691541666537,0,211,HJNC,MON,06-12,94
3001.0,26.836695366789854,0,153,PNIT,WED,06-12,72
2748.0,30.482026764345612,50,216,PNIT,MON,12-18,189
2183.0,25.186966090469397,0,349,HJNC,TUE,18-24,82
623.0,-1.208846761812623,50,77,HPNT,WED,18-24,124
2548.0,-6.09631140243783,0,473,HJNC,WED,12-18,148
1467.0,17.245001838740404,5,205,PNC,WED,18-24,64
1354.0,-7.430735777055223,20,373,HJNC,FRI,00-06,121
1139.0,20.27716498511379,50,397,HPNT,TUE,12-18,139
2738.0,13.869089914725919,0,170,HJNC,SUN,18-24,85
2102.0,19.82535797346486,5,577,PNIT,MON,00-06,85
3063.0,16.55768481423848,50,213,HPNT,WED,18-24,166
941.0,9.021615628722774,5,111,PNC,TUE,12-18,59
2444.0,-0.9605268936897282,50,389,HPNT,SUN,18-24,181
2338.0,3.7565961114719855,5,361,PNIT,SAT,00-06,100
2329.0,13.60252583985394,0,425,PNC,FRI,00-06,120
2690.0,19.334064214142266,5,395,HPNT,FRI,00-06,153
1032.0,25.076735759803782,0,199,HPNT,SAT,18-24,34
2774.0,24.522682330207736,0,226,PNIT,TUE,12-18,116
1836.0,33.77099344674884,0,403,HJNC,MON,18-24,117
1448.0,2.8628651898534248,5,563,HJNC,TUE,06-12,117
2519.0,-6.800018130395344,20,358,PNC,TUE,12-18,140
959.0,5.554562099383668,20,168,PNIT,THU,06-12,60
1050.0,23.448251385083452,0,568,PNIT,SUN,18-24,101
892.0,9.715024296498285,5,527,HJNC,FRI,12-18,119
2287.0,26.800479376523874,0,463,HJNC,MON,06-12,102
1344.0,14.719686433370672,20,400,PNC,THU,18-24,117
2757.0,31.840627518372635,50,555,HJNC,SAT,12-18,200
1638.0,32.6538548899581,0,244,PNC,TUE,00-06,51
1145.0,-6.881297229156308,5,236,HPNT,SAT,00-06,44
2766.0,10.538604787059093,50,499,PNC,FRI,00-06,244
2954.0,17.43600775623056,50,545,PNC,THU,06-12,224
1966.0,1.5142643365495747,5,564,PNC,SUN,06-12,138
1877.0,8.31845507205411,0,322,HPNT,THU,18-24,107
3435.0,20.495669350296424,20,101,HJNC,MON,00-06,109
3105.0,0.20304021042626452,0,312,PNC,SUN,06-12,76
3097.0,17.089160883850358,0,417,HJNC,TUE,00-06,139
641.0,21.385152267393774,0,182,PNC,MON,18-24,54
3159.0,-5.927666000685996,0,274,HJNC,THU,12-18,133
1000.0,12.388819221235373,50,359,PNC,SUN,06-12,125
1339.0,1.8386013465885842,20,65,HJNC,THU,06-12,74
3249.0,22.59738601991201,0,244,PNIT,MON,12-18,121
2182.0,-1.4700021158376781,50,492,HPNT,THU,06-12,176
2065.0,30.15070619921479,5,352,PNC,SUN,18-24,81
2546.0,9.392360143324709,50,97,HPNT,WED,06-12,117
2030.0,-1.0898636361600929,5,170,PNC,FRI,06-12,93
1095.0,9.710980835764822,5,548,PNIT,TUE,12-18,71
2404.0,8.393469326383755,0,518,PNIT,FRI,18-24,133
780.0,9.301353177216964,0,90,HPNT,TUE,00-06,25
923.0,16.35025820738511,5,505,PNC,SUN,00-06,68
3403.0,13.45281762110919,20,583,HJNC,THU,12-18,192
769.0,-3.2600290743593794,0,420,PNC,SUN,18-24,62
653.0,-7.048941730901365,0,231,HJNC,MON,12-18,62
3161.0,22.823695192694323,0,566,HPNT,MON,12-18,170
2250.0,15.187284616774107,50,280,HPNT,THU,00-06,153
1161.0,6.155034563566868,0,397,PNIT,TUE,18-24,79
2467.0,26.376102012413327,20,528,HJNC,THU,18-24,125
582.0,7.462631341743062,0,258,PNC,TUE,12-18,71
3494.0,25.81842903202734,0,327,PNIT,THU,00-06,111
3446.0,3.7590257380568612,0,102,HPNT,THU,18-24,90
1949.0,-6.721961610466011,20,59,PNIT,THU,12-18,86
1798.0,31.968786220996805,50,513,PNC,MON,06-12,155
2831.0,,50,207,PNC,TUE,00-06,157
1479.0,25.671165778222004,50,68,HPNT,SAT,18-24,141
2720.0,2.561485995003702,20,104,PNIT,THU,18-24,83
3310.0,19.08643004556452,0,70,HJNC,FRI,18-24,138
2159.0,29.298989296597775,0,331,HJNC,FRI,00-06,105
1898.0,-8.126018994700885,0,589,HJNC,SUN,12-18,128
1132.0,27.378609410874013,20,466,PNC,SUN,06-12,124
2031.0,15.709985223736787,20,334,PNIT,MON,18-24,108
1286.0,17.336228925885614,0,581,HJNC,WED,00-06,90
3490.0,13.542110036269218,5,581,PNIT,SAT,18-24,167
897.0,29.351379647763906,5,560,HPNT,MON,12-18,127
1643.0,-8.045498924396314,0,445,HJNC,WED,06-12,97
1433.0,1.7462776191131653,5,169,PNIT,MON,18-24,60
1960.0,29.409314248661993,5,146,PNC,SUN,00-06,70
2352.0,23.85555661393802,5,169,HPNT,FRI,12-18,115
3223.0,-9.205967791962737,0,586,HPNT,THU,06-12,128
3483.0,13.265282744436888,0,202,HPNT,TUE,00-06,100
3012.0,13.830770632070369,0,294,HPNT,SUN,18-24,99
785.0,8.039696080755967,5,565,PNC,THU,00-06,94
764.0,3.382699942789536,50,442,PNC,FRI,06-12,191
2867.0,20.677618268555396,0,192,HJNC,TUE,12-18,83
3220.0,-0.6494290882860785,5,553,PNC,WED,12-18,147
3367.0,25.95268529322677,0,269,PNC,WED,18-24,121
2636.0,26.136672234536228,0,209,HPNT,FRI,18-24,150
2177.0,8.686764690776922,50,125,PNC,TUE,18-24,124
1726.0,2.759660490934145,50,81,HPNT,THU,18-24,118
1320.0,2.774518171582095,50,383,PNIT,FRI,06-12,160
2262.0,11.703109579829455,5,574,PNIT,WED,18-24,89
2881.0,22.381065113721142,0,489,PNIT,FRI,00-06,150
2769.0,6.149091094723644,50,401,PNIT,THU,06-12,189
540.0,17.45195054559882,20,388,PNIT,MON,06-12,85
2231.0,7.211800726216744,20,449,PNIT,SAT,18-24,125
567.0,,0,445,PNIT,SAT,06-12,64
1487.0,-8.881321783789263,5,251,HPNT,SUN,00-06,63
2299.0,-9.823865241907422,5,579,HPNT,SAT,06-12,120
3061.0,0.22434550244020102,0,142,HPNT,MON,06-12,106
2121.0,8.288282906044795,0,407,HPNT,THU,00-06,80
2155.0,28.30675253129271,50,445,PNC,SUN,00-06,168
1778.0,25.931790931869145,0,109,PNC,TUE,06-12,54
1194.0,2.022436816459546,0,526,HJNC,FRI,12-18,127
3024.0,1.0043199342934699,5,50,PNC,THU,06-12,83
1585.0,,0,360,HPNT,MON,00-06,40
3428.0,5.265680323799016,0,217,HPNT,SUN,00-06,108
2979.0,12.41894238027584,0,241,PNIT,WED,00-06,79
2193.0,9.740049741420897,20,83,PNIT,SAT,12-18,99
2815.0,-0.17770605483278068,0,83,HJNC,SAT,00-06,72
1558.0,-4.129686552537189,0,466,PNC,THU,18-24,66
1278.0,-9.433998438121208,0,207,HPNT,SAT,18-24,76
993.0,-3.0716542600073264,5,549,PNC,SAT,12-18,99
2085.0,21.74103665873532,50,415,HJNC,THU,00-06,207
1992.0,0.9637356205512315,0,389,PNIT,THU,00-06,98
2290.0,11.087081455467942,50,384,HPNT,SUN,18-24,160
1160.0,16.608551701546013,0,376,PNIT,MON,18-24,66
1848.0,,5,163,HPNT,MON,06-12,72
1827.0,29.998479427703877,0,467,PNIT,SAT,12-18,138
1799.0,23.558018015661155,0,517,PNIT,SUN,06-12,111
2486.0,-8.417935357817436,0,192,HJNC,THU,12-18,112
2544.0,15.878168858843669,0,358,PNC,THU,00-06,92
2428.0,25.39625618741779,20,450,PNIT,SAT,00-06,125
,-9.222037985648656,0,369,HPNT,TUE,12-18,113
1558.0,14.735807614546022,0,261,PNC,WED,06-12,87
1476.0,28.59938656037132,0,366,PNC,FRI,18-24,104
981.0,11.334593412902013,0,234,PNIT,FRI,12-18,92
1227.0,-9.81522086961482,0,254,PNIT,SAT,12-18,64
3027.0,-9.504398874897664,5,413,PNIT,SUN,12-18,114
1531.0,8.748621683618776,20,265,PNC,FRI,00-06,120
842.0,-3.024609966246045,5,295,HJNC,MON,12-18,80
1947.0,19.90027956919668,5,288,PNIT,SUN,00-06,84
2879.0,21.895966920776928,5,440,PNC,SUN,18-24,127
2985.0,-1.9954092042717129,0,569,PNC,MON,18-24,119
2721.0,29.983997983601817,0,326,HPNT,TUE,06-12,123
3106.0,9.885853024051663,20,251,PNIT,SAT,00-06,110
1026.0,,0,263,HJNC,MON,18-24,67
2396.0,24.391321913122795,50,527,HPNT,SAT,18-24,167
1158.0,25.548852500754776,0,557,PNIT,SAT,06-12,76
2573.0,18.768296269945587,0,124,HPNT,SUN,06-12,78
1319.0,28.40594989411489,0,191,PNIT,THU,06-12,71
3152.0,23.181783741380208,0,371,HPNT,WED,00-06,105
905.0,29.699258175214574,20,510,HJNC,WED,12-18,130
2779.0,9.524962181846576,50,195,HPNT,SAT,00-06,179
3080.0,,0,103,HPNT,WED,06-12,63
2073.0,34.988820354306995,20,405,HPNT,WED,12-18,153
2311.0,22.621903888382867,0,326,PNIT,FRI,18-24,108
1004.0,-4.861729889329053,0,449,PNIT,SUN,00-06,78
678.0,13.324342509313233,0,565,HJNC,FRI,06-12,118
631.0,16.430650605936258,50,548,HPNT,THU,06-12,134
2346.0,-2.1605196217874054,0,360,PNC,TUE,12-18,101
1978.0,33.33012353801169,50,320,HPNT,SUN,00-06,166
2895.0,-2.0989100064422663,0,498,PNC,MON,18-24,113
3087.0,-2.0098936129049756,0,161,PNC,MON,18-24,77
1271.0,31.182521208854972,20,288,HPNT,FRI,12-18,147
1929.0,10.934244490475198,0,193,PNC,SAT,12-18,71
2623.0,-7.1565274326467705,5,423,PNC,WED,18-24,94
1078.0,16.918437497233786,0,69,HPNT,THU,12-18,22
3401.0,17.082185688487154,5,338,PNIT,TUE,12-18,144
2015.0,-7.0974658591047195,0,246,HPNT,FRI,00-06,105
693.0,,5,431,HJNC,SAT,12-18,102
2507.0,14.481348438255903,5,541,PNC,THU,06-12,140
1685.0,15.190807498089391,50,213,HJNC,SAT,06-12,136
2894.0,13.405193652607753,0,298,PNC,THU,06-12,96
3498.0,17.4829300840079,0,117,PNIT,FRI,12-18,146
1884.0,1.8934888748189724,0,70,PNC,THU,18-24,46
2292.0,,20,561,HPNT,SUN,06-12,120
1610.0,13.010259040825972,50,439,PNC,WED,00-06,143
2761.0,26.30086346436108,0,585,HJNC,THU,12-18,143
2436.0,,0,160,HPNT,TUE,18-24,89
3120.0,17.15318954991107,50,509,HJNC,THU,18-24,221
1279.0,26.305016412784127,0,127,PNIT,SUN,12-18,64
761.0,-2.9387227583247775,50,483,HJNC,MON,12-18,171
1229.0,-9.323985610874516,0,429,HJNC,SUN,00-06,105
782.0,4.072098281365614,20,489,HJNC,THU,12-18,132
1990.0,16.466466802831917,0,388,HPNT,SAT,12-18,110
861.0,-3.777257196786353,5,473,PNIT,FRI,18-24,115
940.0,9.175506693761847,50,218,PNIT,MON,06-12,134
2640.0,,5,311,PNIT,FRI,06-12,113
2144.0,16.949739264079273,0,278,HJNC,SAT,18-24,92
3300.0,2.348527445016881,0,210,HPNT,TUE,12-18,123
1366.0,8.00133361938311,0,476,HPNT,WED,00-06,101
1947.0,25.02526530804014,0,171,HPNT,TUE,06-12,73
641.0,32.35466123543085,50,198,HJNC,MON,12-18,152
1814.0,28.78461490032158,20,160,PNIT,SAT,06-12,78
1955.0,15.392757578004435,20,270,HJNC,SAT,18-24,97
3296.0,8.463176132477596,5,113,HPNT,WED,06-12,97
2375.0,,5,403,HJNC,THU,18-24,94
2347.0,-4.376954526219187,5,523,PNC,MON,18-24,129
2212.0,-5.205193875274916,50,534,PNIT,WED,18-24,161
3200.0,20.976093121114598,0,62,PNIT,SUN,00-06,77
1200.0,1.6907487277022177,5,202,HPNT,SUN,12-18,73
1497.0,1.459775889460106,0,288,HJNC,FRI,18-24,87
2596.0,34.918777451500354,5,239,HPNT,WED,18-24,72
1825.0,-1.5433318956792075,0,135,HJNC,FRI,06-12,90
1380.0,-3.3373108230026656,0,70,PNC,SUN,12-18,63
1713.0,-5.559164750803572,0,368,PNIT,SUN,00-06,109
1659.0,16.09124053250583,0,207,PNIT,FRI,00-06,131
1054.0,,50,530,HJNC,SAT,06-12,143
903.0,6.435256681559686,50,125,PNIT,WED,00-06,87
1391.0,14.093600098016047,20,378,HJNC,SAT,06-12,87
3412.0,25.477978892521065,0,465,HPNT,SUN,12-18,143
1101.0,26.814687574478675,50,252,PNC,SAT,06-12,149
2330.0,33.106043407204176,0,278,HJNC,TUE,06-12,77
840.0,27.092059366529355,0,201,PNC,TUE,18-24,55
2468.0,15.417864652284198,0,121,HPNT,SAT,00-06,59
1203.0,-1.9154365373419306,0,274,HPNT,SAT,12-18,74
817.0,-5.510639903372092,0,522,HPNT,FRI,12-18,131
3165.0,,0,409,HJNC,SAT,18-24,114
1886.0,19.99366243034227,50,589,PNC,MON,06-12,181
2929.0,26.339131492909694,0,95,PNC,WED,12-18,81
2780.0,12.890777780783555,0,50,PNIT,MON,12-18,108
2300.0,-7.537862132486203,0,294,HJNC,TUE,06-12,103
1867.0,14.096175856610216,0,268,PNIT,MON,06-12,92
2072.0,32.108716768604765,50,340,PNIT,THU,12-18,170
1316.0,,50,507,HJNC,THU,06-12,163
1052.0,26.42423698082667,50,253,PNIT,TUE,00-06,123
1355.0,26.00686917762878,0,251,PNIT,MON,12-18,67
2312.0,,5,531,PNIT,WED,06-12,121
3366.0,24.6602944542443,5,560,HPNT,TUE,12-18,128
682.0,23.64652313058903,0,327,HJNC,THU,12-18,89
2074.0,0.5346199236788269,50,65,HPNT,TUE,18-24,115
896.0,-7.303368010551335,0,574,PNIT,MON,00-06,80
2227.0,13.291975927421348,0,405,PNIT,MON,00-06,61
3326.0,-4.400460642396016,0,405,HPNT,MON,18-24,144
2017.0,33.29881443250961,20,127,PNIT,FRI,18-24,132
1406.0,3.046614318486286,5,116,HJNC,MON,12-18,78
1856.0,28.38248915229319,0,263,PNC,SAT,00-06,63
2674.0,7.44310813411067,0,498,HPNT,THU,18-24,97
500.0,4.543741243581984,0,482,PNC,SUN,06-12,65
518.0,32.08213575694795,0,594,PNC,THU,12-18,104
,6.3495157438800796,20,164,PNC,FRI,00-06,104
955.0,7.562955889841142,5,469,HPNT,THU,12-18,111
2536.0,-5.225869917419088,0,548,PNIT,THU,12-18,163
1632.0,20.17009993771292,0,429,HJNC,TUE,06-12,69
2992.0,2.9977736514881066,0,192,PNIT,SUN,06-12,92
,16.352187552777824,5,73,HJNC,SUN,18-24,99
3149.0,16.610826682394425,0,588,PNIT,MON,06-12,127
2650.0,22.36398630180952,20,124,PNC,SAT,00-06,103
1487.0,23.535866877759858,0,584,PNC,SAT,18-24,105
1019.0,13.150359548069275,5,90,HJNC,TUE,00-06,57
1358.0,4.8946376421531355,0,462,HPNT,SAT,00-06,99
673.0,27.685290267563026,0,464,PNIT,TUE,18-24,71
1866.0,3.9439542233818123,0,498,PNC,SUN,06-12,85
2978.0,12.837909251119914,0,485,HJNC,SUN,12-18,146
1226.0,8.056366244167762,0,288,PNIT,SUN,06-12,48
2210.0,28.478527368635966,20,91,HJNC,SAT,00-06,98
2375.0,9.436333901562296,0,59,HPNT,THU,00-06,64
3397.0,7.3744634976867935,5,314,HPNT,SUN,18-24,117
2181.0,21.042066180393686,0,494,PNIT,WED,00-06,101
1847.0,17.10984994376492,0,188,HPNT,MON,18-24,80
1489.0,-5.173892492686926,20,245,PNIT,WED,18-24,103
3186.0,12.867596285478346,20,123,PNIT,THU,06-12,126
919.0,23.096527474996144,50,274,HPNT,FRI,00-06,153
1093.0,34.64336440661103,0,151,HJNC,TUE,06-12,22
3032.0,18.31160752866436,5,313,HJNC,SAT,12-18,123
2274.0,6.663187989859299,0,210,PNIT,SAT,06-12,83
,0.1768219910953288,0,282,PNC,THU,00-06,97
1435.0,29.277360536899415,20,540,PNIT,SAT,12-18,136
1607.0,26.655434545107624,0,360,HJNC,THU,00-06,81
1636.0,0.5265269350723187,50,276,PNIT,WED,12-18,161
831.0,-0.9715559434041943,5,322,HJNC,FRI,00-06,97
3202.0,22.1811549565029,5,366,HPNT,TUE,06-12,88
2588.0,4.172842786344177,0,135,PNIT,SAT,00-06,86
2293.0,3.787945926288103,20,340,PNIT,FRI,18-24,159
1458.0,-3.1469388819555135,0,518,HPNT,FRI,18-24,152
604.0,1.8788983869423461,50,453,HPNT,FRI,06-12,161
701.0,9.23784009166923,0,476,PNC,MON,06-12,64
2997.0,22.977725177258698,0,424,HPNT,FRI,12-18,164
2342.0,5.133864248618739,0,301,PNC,SUN,06-12,86
2366.0,4.7871952765929215,5,582,HPNT,THU,18-24,146
2496.0,2.8210963648596117,20,356,HJNC,MON,06-12,119
1789.0,11.522765037996937,0,479,PNIT,SUN,18-24,91
1409.0,-1.8713485926408104,0,313,HPNT,MON,06-12,61
709.0,11.853383031445649,50,117,HJNC,FRI,18-24,163
1062.0,21.687900028761042,0,156,HPNT,SAT,12-18,74
,-8.659427318532002,20,449,PNIT,SAT,00-06,173
2063.0,-9.559927886240716,20,248,HPNT,SAT,00-06,149
1270.0,-6.619469043047085,50,241,HPNT,SAT,18-24,123
3001.0,14.104702777765045,0,563,PNIT,THU,06-12,142
3214.0,,20,491,HPNT,SAT,06-12,149
1128.0,-9.780199029088662,20,50,PNIT,TUE,00-06,57
2128.0,32.14975870631064,0,407,PNC,FRI,18-24,101
2201.0,-5.217466979325889,50,164,HPNT,MON,06-12,177
886.0,27.88925876262018,20,246,HJNC,TUE,00-06,97
2435.0,,20,323,HPNT,SAT,18-24,117
2843.0,19.67108242754798,0,209,PNIT,TUE,12-18,117
2805.0,12.98073430012321,20,222,PNIT,MON,06-12,91
1604.0,11.467170133070958,0,594,HJNC,SAT,06-12,100
767.0,27.57047427639762,0,507,HJNC,TUE,18-24,64
2966.0,24.014887080551738,5,482,PNIT,THU,00-06,146
2782.0,11.753100643535188,0,530,PNC,THU,18-24,141
2356.0,-4.976383177177228,0,504,PNC,FRI,00-06,150
2498.0,-4.806866830851634,20,245,PNIT,FRI,18-24,158
1880.0,26.069275732358392,0,358,PNC,SUN,12-18,93
1736.0,13.822577960639006,50,543,HJNC,TUE,06-12,184
1073.0,11.671511309871317,0,488,PNC,MON,00-06,59
548.0,20.62550786123218,0,408,HJNC,THU,12-18,59
1650.0,28.64787125364171,0,85,HPNT,WED,18-24,49
722.0,18.299291498598734,0,83,HJNC,FRI,00-06,70
3468.0,24.328155605591554,50,137,HPNT,SUN,00-06,177
1931.0,,20,65,HJNC,THU,12-18,86
2028.0,6.031765195683157,20,470,HJNC,SUN,18-24,104
2319.0,2.333743803844806,5,175,PNC,SAT,12-18,94
2824.0,26.05238302288214,0,57,HJNC,TUE,18-24,59
1961.0,6.973045630290958,50,521,PNIT,SUN,12-18,205
1630.0,30.65012029352173,50,517,HPNT,THU,12-18,174
2181.0,-6.863918647144617,20,559,HPNT,THU,12-18,188
2967.0,-7.380211956609716,5,451,HJNC,TUE,12-18,147
3158.0,31.71518720456337,20,225,PNIT,FRI,18-24,153
874.0,19.18047113816457,5,416,HJNC,FRI,06-12,89
2620.0,7.0819710401749525,0,537,HJNC,WED,12-18,116
2521.0,23.97771866672823,50,67,PNC,WED,18-24,137
1553.0,,0,105,HJNC,FRI,06-12,72
2389.0,13.90404710688183,20,84,HJNC,FRI,00-06,100
2323.0,-5.550699580180689,0,396,PNC,SUN,00-06,116
1974.0,26.548081428173816,0,81,PNC,FRI,12-18,91
2742.0,28.971043580628113,0,182,PNIT,FRI,00-06,118
1679.0,-2.25240901513079,0,248,PNC,THU,12-18,95
3394.0,28.273024338968,0,305,HPNT,WED,12-18,104
1564.0,29.503128995745392,50,391,HPNT,TUE,06-12,149
2570.0,14.72428755298322,0,280,PNIT,MON,00-06,68
859.0,19.528056630020917,0,350,HJNC,TUE,12-18,88
3107.0,7.200679400652113,50,596,PNIT,SAT,00-06,207
3219.0,2.68062413791697,0,75,PNC,MON,06-12,80
2541.0,22.489241612824017,5,584,HJNC,THU,00-06,114
1641.0,,0,523,PNIT,SAT,06-12,112
2135.0,19.43348988300864,20,436,PNIT,WED,06-12,120
1903.0,13.021577479094713,0,334,HPNT,MON,06-12,59
2443.0,-2.84838549201228,50,499,PNIT,FRI,12-18,219
1178.0,-7.594357932783183,20,369,HJNC,SAT,18-24,70
2987.0,10.05613056110359,0,205,PNIT,THU,12-18,100
3480.0,,20,520,PNIT,MON,00-06,147
506.0,15.620058435825129,20,469,PNC,FRI,12-18,157
2968.0,7.222813609299706,0,162,PNIT,SAT,12-18,114
2091.0,24.07351038568863,0,471,HJNC,THU,18-24,102
1332.0,3.754182357628256,20,334,HPNT,SAT,00-06,114
3106.0,16.684221543534445,0,103,HPNT,MON,06-12,64
2310.0,14.19575847897952,0,374,HPNT,FRI,06-12,128
1413.0,,0,507,HPNT,WED,00-06,67
2511.0,-6.742477078106035,50,314,PNC,SUN,12-18,179
1942.0,3.0665695618709226,50,431,HJNC,THU,18-24,172
1950.0,29.700578645934428,5,262,PNC,MON,18-24,74
2002.0,-3.384327029509965,50,382,HPNT,FRI,00-06,217
625.0,21.99024487072437,20,59,PNC,WED,00-06,53
2942.0,33.80149547685293,0,407,PNIT,SAT,12-18,141
1316.0,25.57553987110198,50,252,HJNC,FRI,18-24,162
3428.0,0.9325412759169769,0,107,PNIT,SUN,00-06,91
2329.0,,20,543,PNC,WED,12-18,155
1075.0,-5.810177957122447,50,559,PNIT,MON,12-18,185
2872.0,11.066387384183109,0,272,PNC,FRI,00-06,150
1915.0,29.93938584768862,0,418,PNC,SUN,18-24,113
1429.0,18.856956916559138,0,467,HJNC,FRI,06-12,107
1963.0,8.614005412746447,5,596,HJNC,TUE,12-18,132
1332.0,,0,152,HJNC,THU,06-12,52
1554.0,6.879473239325748,5,210,HPNT,FRI,12-18,129
2148.0,12.90238014541788,50,249,HJNC,SUN,18-24,180
2400.0,4.356976844276332,0,209,PNIT,WED,06-12,98
1957.0,33.60355379370348,0,185,HJNC,THU,00-06,63
3384.0,31.98849438797653,5,447,HJNC,MON,12-18,155
3473.0,29.18021606964443,20,441,HJNC,SUN,00-06,156
1899.0,8.982342598519402,0,155,PNC,THU,00-06,54
942.0,21.1085796200853,0,103,PNC,TUE,18-24,54
2622.0,30.627318816618406,0,326,HJNC,MON,00-06,57
1056.0,28.26932694555176,0,160,PNC,FRI,12-18,112
,8.644715630909346,0,273,PNC,SUN,00-06,77
2537.0,-4.942627780498269,50,124,HPNT,SAT,00-06,121
862.0,-6.596633627445274,20,555,PNIT,MON,12-18,117
2995.0,15.96788203515662,50,63,PNC,SUN,00-06,120
1757.0,18.918257084491923,0,531,PNIT,MON,18-24,123
2341.0,28.242917206866082,0,238,PNC,TUE,12-18,85
2809.0,3.1631759153463967,20,413,HJNC,WED,18-24,151
2350.0,-2.463827925248088,20,288,PNC,MON,00-06,129
2672.0,,5,450,PNC,SUN,06-12,114
1410.0,5.910880563452377,0,353,PNIT,WED,18-24,63
744.0,-4.038897069196537,0,140,HJNC,THU,18-24,46
1041.0,20.252719363091845,5,441,HPNT,SAT,00-06,85
3032.0,12.89113733282192,0,233,PNIT,TUE,06-12,107
2669.0,22.450524025164484,0,66,HJNC,FRI,12-18,102
2672.0,5.87110040763806,5,61,HJNC,SUN,06-12,92
2072.0,4.656599520996604,5,215,PNIT,SUN,12-18,120
2717.0,11.265913386973505,0,195,PNC,SUN,00-06,79
623.0,29.483330542781616,0,331,HJNC,MON,06-12,41
3193.0,-8.187341196970884,0,598,HPNT,SAT,00-06,126
2231.0,26.217476778341243,50,218,PNC,SAT,18-24,141
1285.0,6.6044425695990405,0,219,PNIT,WED,06-12,54
2543.0,28.457856160481498,5,395,PNIT,MON,12-18,116
2748.0,26.099135397613544,0,548,PNIT,SUN,18-24,126
2916.0,5.694256132823977,0,509,PNIT,SAT,12-18,148
1296.0,21.22444408947272,20,346,HPNT,SUN,18-24,95
576.0,-2.8165259451951936,0,191,HPNT,SUN,12-18,31
558.0,,50,102,HJNC,SUN,12-18,133
2978.0,8.202097900335925,20,167,HPNT,TUE,00-06,94
3185.0,10.50315269098401,0,414,PNIT,FRI,18-24,148
2023.0,21.75915729666432,50,185,HPNT,THU,00-06,145
2436.0,26.937810651718294,20,463,PNC,THU,00-06,130
2656.0,0.6354234497694318,0,126,PNC,WED,00-06,85
1801.0,19.760756294464795,20,67,HJNC,SAT,00-06,88
567.0,7.639911975011682,20,452,PNIT,THU,12-18,122
2852.0,6.591631580178259,0,254,HPNT,WED,00-06,104
2432.0,21.05116207732946,50,548,HJNC,FRI,00-06,212
3221.0,7.423247337017045,50,373,HJNC,SUN,00-06,180
864.0,5.574882507398344,0,330,HPNT,MON,12-18,96
1320.0,27.614978365680912,50,215,HJNC,TUE,18-24,142
1902.0,-5.442574427604713,50,292,PNIT,FRI,12-18,195
2890.0,20.41516802735948,20,528,HPNT,FRI,12-18,170
1446.0,1.1926427205781085,5,213,PNC,THU,12-18,93
3446.0,,0,373,PNC,THU,18-24,123
2077.0,-2.495607900728859,0,257,HPNT,TUE,00-06,59
1877.0,17.299768839914048,0,364,HJNC,MON,00-06,71
1939.0,21.910723616867184,0,353,HJNC,FRI,18-24,107
1261.0,-9.052399739965598,0,288,PNC,SAT,18-24,70
840.0,-8.360855051422593,20,273,PNC,THU,06-12,121
3489.0,30.61439516793289,50,137,PNIT,FRI,00-06,215
882.0,-6.701238184882607,50,586,HJNC,MON,12-18,158
1503.0,30.238197137745708,5,478,PNIT,WED,12-18,108
2056.0,0.267466118790761,0,269,PNC,MON,00-06,76
799.0,23.300801007119574,0,324,PNC,FRI,18-24,95
638.0,3.9379962025705435,0,115,PNC,FRI,06-12,52
858.0,28.643841152413273,50,472,PNC,TUE,12-18,178
1335.0,21.520468944096105,0,304,PNIT,FRI,06-12,89
2022.0,8.081605637076283,20,174,PNC,THU,12-18,126
2127.0,-6.56638956216642,0,195,HPNT,SAT,12-18,93
2482.0,22.97150827418632,50,434,HJNC,TUE,00-06,208
1803.0,17.75981401843317,20,496,PNC,FRI,12-18,190
3030.0,-9.868972697479506,0,436,HJNC,MON,06-12,133
1408.0,,20,432,PNC,FRI,06-12,125
,26.395683793671225,20,326,PNIT,MON,00-06,97
3413.0,1.672988246083424,0,431,HJNC,MON,12-18,146
2686.0,18.626015047762955,20,173,PNIT,FRI,06-12,122
1495.0,10.439648889436135,0,316,PNC,MON,18-24,87
2982.0,28.85435065347953,50,160,HPNT,SAT,00-06,162
3056.0,31.263250089611986,5,430,HPNT,WED,18-24,138
2820.0,34.85634707054843,0,207,HPNT,TUE,06-12,94
2651.0,-3.084213888673893,50,597,HPNT,FRI,18-24,228
1737.0,28.833382091396395,0,167,HPNT,SUN,00-06,59
2284.0,1.9709619527960793,0,377,PNIT,WED,18-24,81
3309.0,16.586714370297845,5,117,HPNT,MON,06-12,82
3334.0,12.75977752411449,0,483,PNC,MON,18-24,138
664.0,-9.190534079242555,0,408,PNIT,TUE,18-24,74
1498.0,31.974707595774262,0,492,PNIT,WED,18-24,107
3067.0,,5,213,HPNT,WED,12-18,111
1807.0,20.969851373348114,0,410,HJNC,FRI,06-12,133
3064.0,25.325307629371792,0,168,PNC,MON,18-24,85
1156.0,25.78795320714579,0,244,PNIT,SUN,06-12,66
3160.0,-3.902746648201985,0,290,PNC,THU,18-24,121
2711.0,10.140647772858745,20,558,HJNC,SUN,00-06,181
2409.0,27.32429916952909,50,191,PNIT,FRI,00-06,198
2546.0,3.6205644670439607,0,80,PNC,FRI,00-06,101
2611.0,11.04869039185986,0,272,HPNT,FRI,18-24,127
1640.0,2.2757251714930593,0,315,PNIT,TUE,06-12,93
2389.0,10.859813804839586,0,331,PNIT,TUE,00-06,101
766.0,29.952706516679605,5,430,PNIT,FRI,12-18,119
2345.0,10.480590396474625,0,111,PNIT,SAT,00-06,77
,15.016040768344418,0,570,HPNT,THU,00-06,130
2793.0,,20,120,HJNC,WED,12-18,155
2942.0,10.705273244149648,20,585,HJNC,WED,00-06,158
2010.0,,0,189,PNC,MON,18-24,52
975.0,2.7685479482205206,0,365,HPNT,WED,18-24,39
1476.0,9.6461774783821,20,389,HPNT,SUN,00-06,120
1707.0,18.5208639196728,5,577,PNC,WED,06-12,86
1543.0,10.252336874925145,0,590,HPNT,THU,06-12,104
2460.0,5.201766949470382,50,465,HPNT,WED,00-06,196
1057.0,7.464443090487073,50,516,PNIT,SUN,12-18,175
1517.0,0.9031998140209936,5,424,PNIT,THU,18-24,67
2105.0,31.60224272483238,20,340,PNIT,TUE,18-24,97
1382.0,13.478445160591157,0,92,HPNT,THU,18-24,33
2694.0,-9.39657457575446,0,102,HPNT,TUE,00-06,72
1165.0,-9.124918371120403,20,281,HJNC,THU,18-24,109
3167.0,33.78327357284187,0,261,PNIT,FRI,00-06,129
2271.0,-0.034709888203973804,5,57,PNC,SUN,00-06,100
3367.0,26.252372996644162,50,532,HPNT,SAT,06-12,221
1363.0,-7.377611429774149,5,91,PNIT,TUE,12-18,78
1081.0,31.45232315125471,0,382,HJNC,TUE,12-18,88
1194.0,29.34876516500053,5,282,PNIT,WED,12-18,82
1751.0,15.699192309553162,0,119,HJNC,TUE,18-24,59
2110.0,-9.595060422253491,0,65,HJNC,THU,06-12,66
1739.0,1.6014893310501908,5,118,HPNT,FRI,06-12,98
2954.0,8.307019132930922,0,102,HJNC,FRI,00-06,101
898.0,10.702885253640279,0,428,HJNC,WED,06-12,55
2446.0,3.395544135306741,20,512,PNC,THU,00-06,168
1214.0,-8.517345928951151,50,576,HJNC,THU,06-12,176
1203.0,16.555733266694396,0,112,PNC,MON,00-06,50
3308.0,13.586960046264018,20,310,PNC,TUE,18-24,144
3046.0,2.7350285943084973,20,549,PNIT,WED,06-12,172
2214.0,-8.291081459367707,50,170,PNIT,FRI,12-18,189
2472.0,34.756738424987304,0,289,HPNT,SUN,00-06,86
,11.689378407188265,50,514,HPNT,SAT,06-12,136
1103.0,24.02019087983347,0,156,HPNT,MON,06-12,47
2470.0,10.354131577310099,50,229,HJNC,THU,00-06,147
2210.0,-8.057336911167635,5,65,PNIT,TUE,06-12,53
2546.0,,0,404,HJNC,FRI,12-18,127
3319.0,4.404956345265553,0,358,PNIT,SUN,00-06,137
1402.0,27.72588068220572,0,230,HJNC,MON,00-06,56
864.0,19.440349009994346,0,223,HPNT,THU,00-06,56
662.0,2.394345663776278,0,403,PNIT,FRI,00-06,94
3058.0,33.54829795965887,0,403,PNIT,FRI,00-06,148
2363.0,4.469382457904212,0,268,PNC,THU,12-18,74
615.0,34.92053116229241,0,364,PNIT,THU,00-06,51
3488.0,34.82736619266184,0,483,PNIT,WED,12-18,165
2884.0,-1.3955267013966193,0,331,HJNC,FRI,12-18,179
1380.0,4.073350228478008,5,308,HPNT,THU,12-18,90
3284.0,11.87198893180944,5,54,PNC,SAT,00-06,84
1339.0,,5,443,HJNC,SUN,12-18,124
2694.0,13.762135205170967,50,385,PNIT,SUN,00-06,183
1846.0,33.62486611095156,5,112,HJNC,SAT,12-18,86
2990.0,22.57951239060612,20,93,HPNT,SUN,00-06,108
3384.0,-0.4579817777661521,0,202,PNC,MON,06-12,89
1536.0,-5.270610240386276,5,205,HJNC,SUN,06-12,59
1442.0,20.978058081921052,20,527,PNIT,TUE,12-18,143
2224.0,-2.869640191865665,20,324,HJNC,SUN,18-24,121
2834.0,25.445457815108938,20,407,PNIT,SAT,18-24,142
3267.0,3.996650026715164,0,475,PNC,WED,06-12,112
1637.0,4.710196837502293,0,581,PNC,THU,12-18,140
3027.0,-9.51407234247196,20,532,HJNC,TUE,12-18,149
521.0,21.54550701927683,50,263,PNC,WED,12-18,149
2249.0,-4.902861112089139,5,128,HPNT,FRI,18-24,97
1182.0,24.779625985858317,0,188,HJNC,TUE,06-12,39
3453.0,12.134051986274304,50,147,PNIT,SAT,12-18,183
2333.0,25.29259167295561,0,247,HJNC,WED,06-12,57
2867.0,16.276694263898356,0,205,PNIT,THU,06-12,93
625.0,-6.290502759145416,5,99,PNC,THU,00-06,64
776.0,24.45435515173324,5,528,PNIT,SUN,18-24,76
2499.0,-6.859023179736262,0,277,PNIT,WED,06-12,122
1727.0,11.541577425619952,0,506,PNIT,FRI,00-06,112
2741.0,-2.244285363476652,5,571,PNIT,SUN,18-24,123
1195.0,23.855083009004822,0,198,HPNT,SAT,12-18,94
1809.0,31.021605251275695,5,107,PNIT,WED,12-18,66
556.0,14.93567735112234,50,211,HJNC,MON,00-06,113
518.0,13.721628243463122,0,526,HPNT,WED,12-18,118
2811.0,24.37834383465281,50,156,PNIT,WED,00-06,139
3341.0,-9.771453416092276,50,476,PNIT,SAT,00-06,208
612.0,31.29913891858223,0,444,PNIT,THU,12-18,94
1041.0,-1.1148032308990725,5,235,HPNT,SUN,18-24,32
3194.0,34.28534977218067,20,495,PNIT,FRI,00-06,174
1078.0,23.1314276582208,5,497,PNIT,SUN,18-24,124
1588.0,24.841301646530198,0,136,PNIT,WED,18-24,58
524.0,19.529134116812298,0,298,PNC,TUE,00-06,56
2072.0,11.224843225332211,0,489,HJNC,THU,18-24,103
2548.0,15.723246201252447,0,306,PNIT,THU,00-06,122
3458.0,-7.911870129319345,0,326,HJNC,WED,12-18,117
2072.0,18.07817792444064,50,487,PNC,SAT,12-18,184
640.0,18.174414589417104,0,565,PNC,TUE,12-18,97
2267.0,30.104035883081423,0,251,PNIT,WED,12-18,108
1147.0,12.754536084359874,5,229,HJNC,TUE,12-18,85
2735.0,-6.528503166127255,20,374,HPNT,THU,18-24,134
700.0,3.778816421693655,5,524,PNIT,TUE,18-24,75
756.0,19.503323545144287,0,449,HPNT,SUN,18-24,79
1046.0,0.766648823815876,0,266,PNC,WED,06-12,29
2741.0,2.623751983493042,20,502,PNC,MON,06-12,136
3250.0,26.921105736238403,0,453,HJNC,MON,00-06,107
1301.0,16.294387929321907,20,289,HPNT,TUE,06-12,78
1441.0,12.883734429810762,50,235,HPNT,SAT,12-18,130
913.0,4.330338506261196,5,97,PNIT,WED,12-18,68
2514.0,22.8917616169865,0,435,HJNC,FRI,12-18,160
,2.94732955205132,5,257,HJNC,MON,00-06,87
1598.0,23.167858293987884,20,206,HPNT,THU,00-06,106
1409.0,-6.84543338796511,0,274,PNC,SUN,00-06,82
687.0,28.90436037119376,20,193,HJNC,WED,00-06,42
2515.0,12.480490851916976,50,468,PNC,WED,18-24,191
1813.0,9.73286075145365,0,160,PNIT,SUN,00-06,64
,,0,514,HJNC,MON,00-06,115
2630.0,18.08864328033217,0,181,HJNC,SUN,06-12,78
1646.0,-4.0584170399502,0,383,PNIT,SUN,18-24,72
857.0,24.030511541729595,0,124,HJNC,FRI,12-18,97
2051.0,,0,461,HPNT,SUN,06-12,82
1589.0,30.72328460764613,0,568,HPNT,THU,00-06,115
3483.0,26.803279853667462,0,85,PNIT,FRI,12-18,130
2180.0,5.581971869063683,0,272,PNC,THU,12-18,70
2922.0,26.34826819403215,0,579,PNC,MON,12-18,148
661.0,6.037572468495689,0,290,HJNC,WED,06-12,34
2869.0,-5.457354326378172,0,183,PNC,THU,18-24,67
949.0,33.28497074265686,0,440,PNC,WED,18-24,83
1997.0,19.3670906846948,0,151,PNIT,TUE,12-18,99
,10.524478699816626,5,547,PNC,TUE,00-06,101
2731.0,,50,560,PNC,MON,18-24,165
2658.0,4.611740041621879,5,586,PNC,MON,18-24,137
2450.0,,0,594,HPNT,SAT,00-06,113
3055.0,-3.936373069109167,5,392,HPNT,MON,06-12,138
1813.0,4.166227651425574,5,55,PNIT,TUE,06-12,88
2842.0,11.847393812719858,0,243,HJNC,THU,00-06,68
3451.0,11.509979527444013,0,186,PNIT,SUN,06-12,134
1738.0,11.211491798352956,0,522,HJNC,SUN,12-18,93
1473.0,-2.089728287632818,5,265,HJNC,SUN,18-24,65
1131.0,-3.478036280072475,0,398,PNC,FRI,06-12,117
2090.0,1.4645413847879034,0,232,PNC,SUN,12-18,84
1550.0,31.15367692109252,20,217,PNIT,MON,12-18,100
3280.0,-4.912616447447044,0,87,PNIT,SUN,12-18,78
2088.0,24.084129651799614,0,520,PNIT,FRI,12-18,133
2868.0,24.08967769100171,50,501,HPNT,FRI,12-18,230
3460.0,26.439668175376802,0,539,HPNT,TUE,00-06,144
2193.0,29.897697004521,5,191,HPNT,SAT,18-24,105
936.0,1.8366279892518627,0,152,HPNT,THU,18-24,32
3328.0,,0,91,HPNT,TUE,00-06,79
2056.0,10.947754993736588,20,196,PNC,MON,00-06,85
1576.0,1.9290125938416267,0,115,HJNC,TUE,12-18,50
1804.0,23.04394950423984,20,242,HPNT,TUE,06-12,77
3273.0,,5,347,PNIT,TUE,18-24,98
2578.0,29.374445962369315,0,87,HJNC,MON,06-12,69
2884.0,-6.27677634308178,0,551,HPNT,MON,18-24,113
682.0,31.178750001113364,50,477,HPNT,TUE,12-18,160
3091.0,3.2006882001540298,50,401,PNC,TUE,06-12,192
1969.0,12.08124556671428,0,375,PNC,FRI,18-24,115
1979.0,9.737514617283967,0,87,PNC,THU,18-24,40
2089.0,24.214024299699076,50,146,HPNT,FRI,12-18,205
2087.0,8.914998924432915,50,157,PNC,SAT,06-12,112
1159.0,32.459891554223425,5,200,HPNT,THU,12-18,69
659.0,30.614024718735898,0,123,HJNC,SAT,06-12,61
2959.0,29.24725183862779,50,106,HJNC,THU,06-12,159
1511.0,-6.793375030829745,0,384,HPNT,TUE,18-24,51
552.0,28.441612769927275,50,301,PNIT,FRI,00-06,132
2955.0,25.17359504494447,0,303,HPNT,THU,06-12,94
3394.0,-5.341917384724105,0,434,HJNC,SAT,06-12,113
1545.0,-5.1663553553700154,0,505,HJNC,THU,12-18,122
1553.0,-5.447628481710647,5,308,HPNT,MON,06-12,96
3250.0,-9.490033305798061,0,514,HPNT,THU,06-12,118
2807.0,14.688543733756259,0,83,HPNT,SUN,06-12,72
1728.0,33.80274311462195,50,544,HJNC,TUE,06-12,158
1994.0,9.740811630490711,0,375,PNIT,WED,06-12,85
3323.0,14.334087584931037,5,287,HPNT,MON,00-06,97
1989.0,33.558640854648,5,590,HJNC,WED,18-24,116
1535.0,,5,515,HPNT,TUE,06-12,90
2450.0,28.63116136692183,50,353,HJNC,SUN,12-18,198
1349.0,,0,166,HPNT,WED,12-18,89
853.0,15.626443159835482,5,256,HJNC,THU,06-12,79
1598.0,5.442823574327759,50,530,HPNT,WED,06-12,170
3420.0,15.271296243510864,50,452,PNC,FRI,06-12,237
2239.0,-6.708587073477223,0,282,HPNT,TUE,00-06,75
1964.0,24.40896076763505,20,333,HJNC,FRI,18-24,129
1490.0,,5,529,HPNT,WED,12-18,99
1764.0,29.942374827227972,20,58,PNIT,SUN,00-06,86
2384.0,6.55328125733563,0,428,HPNT,FRI,00-06,99
2309.0,-3.572915028090283,50,430,HPNT,MON,06-12,187
2841.0,21.314670846581823,5,409,HPNT,WED,18-24,109
2756.0,-2.5939834878923715,0,225,PNIT,SAT,06-12,83
1611.0,23.91562319943457,0,534,PNIT,FRI,12-18,155
1317.0,33.565050638275245,0,454,PNIT,THU,18-24,54
2299.0,25.07987909578678,0,82,PNC,WED,06-12,60
2460.0,,20,514,PNIT,SUN,12-18,184
2937.0,16.994860462374863,50,206,PNC,SAT,00-06,160
2872.0,21.293480193637595,20,251,HPNT,SUN,12-18,122
3487.0,27.145624660832837,0,224,PNC,MON,12-18,116
1388.0,-7.479896097744993,0,293,HPNT,THU,12-18,106
2355.0,11.604852257852887,0,318,PNC,WED,18-24,77
1680.0,14.091689268727745,5,495,PNIT,SUN,00-06,77
1167.0,-2.3893811810119887,0,123,PNIT,THU,18-24,38
1132.0,4.510241436979234,0,145,PNC,WED,00-06,26
3124.0,9.809977681527432,0,222,PNC,WED,06-12,60
2142.0,27.494435958101064,20,455,PNIT,TUE,06-12,139
636.0,31.823340473159313,0,204,HPNT,FRI,12-18,108
2446.0,18.27902730129528,50,232,HPNT,WED,12-18,183
2197.0,7.772533370965796,0,372,HPNT,MON,18-24,104
927.0,1.431395800954368,0,338,HPNT,SAT,00-06,56
1975.0,34.19608329962677,0,307,HJNC,FRI,00-06,130
3159.0,34.23589991343613,5,223,HPNT,TUE,00-06,93
3458.0,31.62396267057656,0,379,HJNC,FRI,12-18,167
1318.0,25.355111744501862,0,280,HJNC,FRI,12-18,101
2688.0,4.660079468552821,0,210,PNIT,WED,00-06,63
1606.0,26.765021757393377,0,235,PNIT,MON,12-18,76
2724.0,8.395685777202765,0,192,PNC,WED,00-06,117
697.0,4.704789416977032,0,331,HPNT,SUN,18-24,80
3171.0,23.518941130982583,0,76,HPNT,MON,06-12,92
2495.0,-6.41557325708097,50,295,PNIT,SUN,00-06,157
3238.0,-7.814677451695224,0,536,PNIT,MON,12-18,141
2948.0,10.157916373153352,0,251,PNIT,THU,18-24,119
970.0,10.053746036997286,0,70,PNC,WED,12-18,56
2765.0,30.303986887872576,0,143,HPNT,SUN,12-18,111
2448.0,-4.323110667048244,5,57,PNC,TUE,12-18,83
1428.0,-4.452223264641424,0,521,HJNC,SAT,00-06,86
2510.0,-3.364632978629448,20,388,HJNC,FRI,18-24,170
3179.0,-8.661868241742884,50,308,HPNT,THU,00-06,168
3498.0,-6.772071798329122,0,104,PNIT,SUN,06-12,95
1405.0,19.694144007306758,0,597,PNIT,TUE,00-06,87
2722.0,9.421294810287915,0,55,PNC,SAT,06-12,77
522.0,,20,426,HJNC,SAT,18-24,82
734.0,34.66689733617471,50,99,HJNC,WED,18-24,135
1624.0,19.65656064945506,5,161,HPNT,MON,00-06,65
1428.0,-7.729499322094432,20,195,HJNC,SUN,00-06,99
1022.0,-5.294671086054632,0,279,PNIT,WED,12-18,78
2308.0,29.64518381666185,20,546,PNIT,SAT,06-12,133
930.0,13.73731750512177,0,355,PNIT,WED,12-18,92
1292.0,27.117672172808298,5,591,HPNT,THU,12-18,139
2129.0,28.547555130121673,5,510,PNC,SUN,18-24,89
2236.0,31.745354367478363,0,275,HJNC,TUE,00-06,84
1032.0,32.74231424688646,5,108,HPNT,SAT,18-24,47
2246.0,14.96716084264878,0,125,PNC,SUN,00-06,70
2175.0,5.3459077515215245,20,477,HPNT,THU,18-24,151
1816.0,33.28391934565994,20,181,HJNC,TUE,18-24,106
3357.0,14.633288270055136,0,547,PNIT,THU,18-24,149
1412.0,-7.108627467042503,5,354,PNC,FRI,06-12,115
1624.0,18.924944752693925,0,116,PNC,MON,18-24,47
2025.0,,0,279,HPNT,MON,06-12,42
1827.0,30.310679280261766,0,382,HPNT,MON,18-24,105
3418.0,,50,326,PNIT,FRI,00-06,178
3087.0,5.707359100769812,0,193,HPNT,SAT,06-12,114
1523.0,33.48015765676192,5,300,HJNC,SAT,00-06,89
2076.0,26.07287686919151,0,129,HJNC,FRI,00-06,123
1878.0,18.368792827160945,0,106,HJNC,MON,00-06,62
2019.0,3.1816341531405303,20,415,HJNC,MON,06-12,129
2181.0,6.809313334143297,0,357,PNIT,TUE,12-18,106
2497.0,20.14864658434955,5,223,PNIT,TUE,06-12,90
726.0,-6.7608631691505225,5,511,PNIT,WED,12-18,92
1759.0,1.5506266242618558,50,542,HPNT,SUN,06-12,172
1372.0,22.125542002846913,20,423,PNIT,SUN,18-24,97
1391.0,11.60083294300794,5,398,PNC,SUN,12-18,105
1978.0,8.107710416649354,50,116,PNC,THU,18-24,135
1536.0,-3.184406991981348,50,379,PNC,TUE,12-18,173
2757.0,9.883206551497967,50,243,HPNT,TUE,06-12,163
3288.0,,5,204,HPNT,TUE,06-12,94
896.0,1.8805780732351849,5,209,PNIT,TUE,12-18,84
1623.0,-9.757065601734517,5,315,HJNC,FRI,18-24,116
2578.0,20.082720551794228,0,217,PNC,WED,00-06,87
3445.0,33.768197199464865,50,194,HPNT,TUE,12-18,179
1148.0,17.30719536148623,0,235,PNC,SAT,12-18,86
828.0,-4.603516348279143,0,472,PNIT,THU,18-24,62
1982.0,4.432989155510288,5,506,HPNT,SUN,00-06,99
1451.0,29.043872662410052,20,394,HJNC,TUE,12-18,129
2505.0,0.46556334155728507,0,565,HJNC,FRI,00-06,163
2516.0,17.346315657392363,0,153,HPNT,SAT,00-06,57
3168.0,8.120204371429903,0,296,HJNC,SUN,06-12,88
2378.0,-0.6470325361157947,0,72,PNIT,MON,18-24,35
1696.0,26.603310210410584,5,574,HJNC,MON,12-18,136
2272.0,,20,193,PNC,SUN,12-18,119
661.0,19.771597968166944,0,242,PNC,WED,00-06,53
2251.0,0.6351465620938033,50,514,PNC,MON,12-18,206
1275.0,-5.596434877759748,0,424,HPNT,TUE,00-06,89
2327.0,15.927169842168478,0,315,HPNT,SUN,12-18,108
,14.9155025092745,20,427,HPNT,FRI,18-24,158
1551.0,-1.5226745799307153,20,599,HPNT,WED,12-18,154
2873.0,-7.468898755817238,0,123,HPNT,SAT,00-06,85
1439.0,-6.368119561270631,20,487,PNIT,TUE,00-06,112
1039.0,34.67469439307302,0,275,HPNT,MON,12-18,79
3035.0,25.261275263429766,0,357,HJNC,THU,12-18,106
1321.0,31.489436418432767,0,397,PNIT,TUE,00-06,57
,-1.22253749936365,50,525,HPNT,THU,06-12,151
,33.22558413455458,5,364,HJNC,SAT,06-12,89
855.0,-3.580554183707706,0,574,PNIT,THU,12-18,115
734.0,12.9086822854912,20,474,PNC,SAT,18-24,80
2774.0,27.33630579876788,0,573,PNIT,WED,12-18,145
2048.0,5.741150953021073,0,298,HPNT,FRI,18-24,117
2596.0,9.117283992960523,0,231,PNIT,MON,12-18,99
617.0,-4.231670036540597,5,155,PNIT,MON,00-06,69
2601.0,-4.468515400046226,50,240,PNC,TUE,12-18,159
2173.0,,20,186,PNIT,SUN,18-24,96
3112.0,20.398956587902553,50,169,PNIT,MON,18-24,120
1567.0,24.979963133698696,20,121,PNC,WED,12-18,108
2600.0,,0,180,HPNT,MON,12-18,89
1057.0,19.059168151758765,0,506,HJNC,TUE,06-12,52
2315.0,-9.391722773512598,0,528,PNIT,MON,12-18,138
2505.0,-2.7023172788265377,20,101,PNC,FRI,12-18,147
3415.0,34.321164470760706,20,168,PNIT,SAT,00-06,120
897.0,-6.580292215787569,50,313,HPNT,THU,18-24,151
1174.0,20.54547000171102,0,288,HPNT,THU,06-12,50
886.0,-2.07628151357277,0,400,PNC,SAT,00-06,77
2658.0,22.25233635954389,0,304,HJNC,THU,12-18,125
3161.0,,20,358,HJNC,FRI,18-24,160
2564.0,0.5389576904640592,5,544,PNIT,WED,12-18,143
1383.0,2.1335479648641886,5,106,PNC,TUE,12-18,100
1040.0,19.46468211209397,0,452,HJNC,FRI,12-18,110
670.0,7.553871745109614,0,116,HPNT,TUE,12-18,63
2956.0,-1.245341363503993,0,95,HJNC,WED,18-24,79
1239.0,22.925581945436683,0,418,PNC,FRI,00-06,125
1901.0,-3.0633614048649624,50,281,HPNT,MON,12-18,170
3405.0,28.503964886522596,5,451,PNIT,SUN,12-18,160
2777.0,,0,72,HPNT,WED,06-12,48
618.0,-5.243472825431469,5,316,HJNC,THU,06-12,29
3331.0,21.233255008894297,0,167,HJNC,FRI,18-24,107
3012.0,13.36233678085432,0,104,HJNC,WED,12-18,94
2651.0,3.4125907307664285,50,202,PNIT,WED,12-18,172
3245.0,9.014272110073467,20,288,HJNC,FRI,12-18,200
2495.0,3.4251984614374447,0,314,PNC,THU,18-24,85
2205.0,1.8361626084252816,5,317,PNIT,SAT,18-24,93
2222.0,-2.6376210620329514,0,162,HPNT,THU,12-18,92
2722.0,6.324520991186414,20,215,HJNC,WED,12-18,126
3292.0,1.294424284223183,50,57,PNC,TUE,18-24,156
,20.75455191742627,0,266,PNC,SAT,12-18,116
1944.0,20.774453352348786,20,480,PNIT,SAT,00-06,131
2259.0,12.58281091500373,50,341,PNC,WED,00-06,173
2024.0,25.007503736164445,5,99,PNIT,FRI,18-24,102
1164.0,27.86028735527217,20,156,PNIT,FRI,00-06,133
532.0,16.08949058454229,0,58,PNIT,FRI,06-12,40
2602.0,17.85208232435452,0,505,HPNT,THU,12-18,170
3066.0,2.729865940386434,0,372,HPNT,MON,06-12,123
3303.0,30.269114031748387,5,358,PNC,FRI,06-12,167
2559.0,-8.910728000986158,0,194,HPNT,FRI,06-12,130
2051.0,5.687111124928055,20,461,PNIT,SAT,00-06,142
1219.0,22.481018969743523,0,163,PNIT,TUE,12-18,51
3102.0,-6.3959720647977445,5,448,HPNT,TUE,12-18,127
2920.0,-1.7573712657268317,20,324,PNC,WED,18-24,141
983.0,16.517857753828302,50,173,PNIT,WED,06-12,130
1472.0,15.199715215860106,50,135,HPNT,WED,00-06,141
3170.0,23.251773325892977,0,96,HJNC,FRI,06-12,113
806.0,26.56756875896773,0,250,PNC,TUE,06-12,31
956.0,-4.213918966974889,5,325,PNC,WED,12-18,87
2707.0,-9.172855460114107,50,598,PNC,TUE,18-24,210
830.0,21.033733384650773,20,179,HJNC,FRI,00-06,100
3323.0,3.5626308094861656,50,497,PNIT,SAT,12-18,221
724.0,18.169276126307913,0,438,PNC,FRI,06-12,98
3276.0,-3.2254935371998883,5,312,HPNT,WED,12-18,126
1979.0,11.10680209996833,50,327,PNC,FRI,06-12,175
1582.0,12.69911357285466,5,95,HPNT,FRI,00-06,120
1143.0,16.328501736794724,50,217,PNC,TUE,12-18,172
1115.0,13.092650734875395,0,494,HPNT,MON,12-18,117
694.0,12.306084660292125,50,95,HPNT,THU,12-18,134
988.0,4.9730369292734995,0,589,HPNT,WED,12-18,93
2704.0,-6.79688936568612,20,136,HJNC,SUN,12-18,140
3157.0,-5.971591144142096,0,434,HJNC,MON,00-06,133
1749.0,9.520022348321916,0,314,HJNC,SAT,18-24,71
2959.0,6.010690751944686,0,71,PNIT,SUN,00-06,60
1602.0,,5,499,HPNT,WED,12-18,125
1647.0,3.7177176165320134,0,281,PNIT,MON,06-12,87
3018.0,20.955954115489597,0,235,HJNC,FRI,06-12,114
1741.0,28.87796699042798,0,375,HPNT,WED,12-18,110
1015.0,3.4488434954090454,0,232,PNIT,MON,18-24,39
2125.0,-1.315719642743714,0,446,HJNC,THU,12-18,100
1627.0,-4.771874158565989,0,530,PNIT,FRI,00-06,128
892.0,,5,452,PNIT,WED,18-24,68
1130.0,9.973519601325624,0,512,HJNC,SAT,18-24,90
2347.0,-1.5392927261669964,20,466,HPNT,SAT,00-06,109
3155.0,19.391152998133492,5,251,PNC,WED,18-24,92
1479.0,-3.318256764762202,0,114,PNC,MON,12-18,86
933.0,14.943531763157864,5,66,PNIT,WED,12-18,73
3087.0,13.72167717313691,20,232,PNIT,SUN,06-12,131
777.0,23.04025105337375,5,440,PNIT,FRI,00-06,100
732.0,-7.520066202669996,0,93,HPNT,TUE,18-24,34
2052.0,29.954281933309865,20,531,PNIT,SAT,18-24,130
2094.0,21.634627676606875,20,312,PNIT,MON,18-24,148
1613.0,-0.2743300743057002,5,223,PNIT,THU,12-18,96
2909.0,-1.7467593125617142,20,490,HJNC,WED,00-06,135
525.0,9.424709636470254,5,269,PNC,FRI,12-18,103
1917.0,26.79043982950686,0,443,PNC,WED,18-24,67
3054.0,27.932749691259822,20,244,HJNC,THU,12-18,116
2814.0,13.420524146272236,5,458,HPNT,FRI,18-24,171
960.0,28.736488820903183,0,520,HPNT,THU,18-24,85
3003.0,-9.755033086373924,20,396,HPNT,FRI,12-18,182
1591.0,-8.417141581078152,0,511,HJNC,TUE,18-24,92
1506.0,31.031971713653427,50,110,PNC,SAT,12-18,144
3410.0,24.88993684486622,20,215,PNC,FRI,06-12,160
2494.0,,50,200,PNIT,THU,12-18,192
990.0,23.912455916509423,0,160,PNC,MON,06-12,53
1572.0,33.003775777553976,0,537,HPNT,SAT,06-12,88
3111.0,24.744028574657825,5,598,HPNT,SUN,12-18,133
715.0,27.906710021824487,0,52,PNIT,TUE,00-06,14
2223.0,24.227296162552783,50,532,PNIT,WED,00-06,194
2092.0,-2.4305008404906285,50,62,PNC,TUE,12-18,176
3106.0,27.510834934058153,0,211,PNIT,TUE,12-18,100
658.0,-1.220103098910549,50,393,PNIT,WED,18-24,122
3036.0,30.167509761986615,0,498,HJNC,FRI,18-24,144
1185.0,10.639245413648418,0,381,PNC,TUE,12-18,118
3341.0,20.463953853996284,0,313,HPNT,SAT,00-06,110
2276.0,12.375838154628958,0,132,HJNC,TUE,18-24,57
2552.0,-5.770408176252909,50,383,HPNT,MON,18-24,168
2343.0,3.0825038429299294,50,429,PNIT,SAT,00-06,166
2908.0,,50,268,PNIT,MON,12-18,200
3006.0,33.23216382514178,5,503,HPNT,SAT,00-06,157
2795.0,4.421910394499628,20,138,HJNC,THU,06-12,111
2089.0,34.833356191035165,0,382,HJNC,WED,18-24,106
,28.049803797360482,0,359,HJNC,SAT,18-24,69
3493.0,17.49317747445146,0,469,PNIT,SAT,18-24,161
2969.0,-8.194392088254572,0,403,PNC,FRI,00-06,119
2446.0,30.565107329227075,0,149,PNIT,FRI,00-06,121
2562.0,15.084317566894388,50,194,HPNT,THU,12-18,180
3283.0,29.081426804124632,5,59,HJNC,FRI,18-24,100
1645.0,27.549310395758404,0,93,PNC,SUN,06-12,64
,27.485279684048876,50,435,HJNC,SUN,12-18,204
2081.0,21.417823732170728,50,544,PNIT,FRI,00-06,197
3000.0,3.1136812404221885,20,542,PNC,SUN,06-12,154
3145.0,,0,218,PNC,MON,12-18,89
2993.0,3.8811145662208855,0,580,PNIT,SUN,00-06,120
2757.0,-9.097930021034589,0,385,HJNC,FRI,06-12,119
3261.0,16.215600914666503,5,562,HJNC,FRI,12-18,186
2849.0,21.447515170071476,0,179,HJNC,SUN,06-12,58
2432.0,28.42396970863416,50,588,PNIT,THU,00-06,165
2257.0,-3.6925554977771338,0,563,HPNT,THU,12-18,118
2550.0,14.488241703956078,20,299,HPNT,TUE,00-06,120
1489.0,-9.639633669679771,5,187,HJNC,FRI,18-24,81
2041.0,-5.720785853017174,0,324,PNC,FRI,18-24,120
1616.0,-7.560471510730312,5,513,HPNT,SAT,06-12,111
3067.0,22.646511530696912,0,190,HJNC,FRI,18-24,107
992.0,-6.3523196255078584,0,305,HPNT,MON,00-06,81
1119.0,22.240384170145553,20,505,HJNC,SUN,06-12,108
2878.0,1.233111698476252,0,483,HPNT,SAT,12-18,163
2880.0,29.497083231362275,20,222,HPNT,FRI,00-06,145
2597.0,26.59174947637164,0,522,PNC,MON,12-18,117
2046.0,33.102359786387446,20,472,PNC,TUE,12-18,166
1362.0,29.76929069561144,5,488,HPNT,SAT,12-18,97
2191.0,31.99982386023563,0,106,HJNC,SUN,12-18,101
2105.0,,5,547,PNC,SUN,00-06,116
2819.0,21.202185527668494,50,218,PNIT,WED,18-24,154
1079.0,-2.338338154355382,5,477,PNC,FRI,00-06,105
2390.0,2.226838348434182,0,468,HPNT,SAT,18-24,103
1775.0,-0.4272865241377115,0,396,HPNT,SUN,12-18,115
3107.0,17.161360444619252,50,566,PNIT,THU,18-24,203
3243.0,12.662897208812062,50,504,PNC,SAT,12-18,242
2355.0,29.018599872129066,50,251,HPNT,THU,06-12,139
2993.0,32.8702789924584,0,228,PNIT,FRI,12-18,141
1855.0,8.218695032816495,20,106,PNIT,MON,18-24,104
1662.0,12.785774897636557,0,550,HJNC,THU,06-12,80
856.0,33.718236056186264,0,161,PNC,SAT,06-12,58
2124.0,,0,197,PNC,SAT,12-18,92
2821.0,25.657584891146612,5,427,PNC,SUN,00-06,118
2506.0,0.13579560508608246,0,397,HPNT,THU,18-24,94
2858.0,20.66570519413724,50,407,PNIT,TUE,06-12,164
1369.0,1.4127032437353861,0,105,HJNC,SUN,00-06,46
1385.0,29.76800249741241,0,365,PNC,TUE,12-18,85
2501.0,15.266507468150458,5,234,HJNC,TUE,12-18,133
2701.0,-1.6329861606526936,20,103,HJNC,THU,12-18,131
1913.0,0.09661290643187037,0,86,PNIT,THU,12-18,77
1783.0,12.22321380686451,50,319,PNC,SAT,18-24,172
1119.0,33.27209115086955,20,557,HJNC,FRI,06-12,147
1382.0,24.63389737476445,0,277,PNC,FRI,18-24,105
1296.0,11.973933927163031,50,477,PNC,MON,06-12,176
2672.0,5.197361505299769,0,50,PNC,THU,00-06,64
1796.0,14.717082200679918,0,72,HJNC,SUN,00-06,59
1118.0,23.676237504287883,5,552,PNIT,SUN,06-12,88
2334.0,25.276786480376003,20,497,PNIT,FRI,12-18,203
744.0,4.60739591436251,50,545,HJNC,FRI,00-06,183
3395.0,22.452167069624473,0,474,HPNT,TUE,18-24,145
2997.0,19.600495101628375,0,67,PNC,TUE,06-12,79
1429.0,33.160053139833224,50,494,PNC,SUN,00-06,201
1770.0,31.89906307286067,0,88,PNIT,SUN,06-12,43
1019.0,25.522069652160965,50,259,HJNC,TUE,12-18,164
2909.0,22.552760998471776,0,260,HJNC,WED,06-12,93
507.0,2.3318715366924128,0,330,HPNT,FRI,00-06,79
3025.0,28.068436524434,0,182,HPNT,TUE,06-12,60
2519.0,,50,498,PNIT,TUE,00-06,186
994.0,2.25082441277201,5,313,HPNT,THU,00-06,54
2129.0,7.287234107905814,5,160,HPNT,SUN,00-06,71
3380.0,27.617097050742856,20,287,HJNC,SAT,18-24,122
,-3.3115052989951748,0,506,HJNC,TUE,12-18,99
3140.0,10.52714335039201,5,565,HPNT,THU,12-18,140
686.0,12.156091753827035,50,222,PNIT,MON,06-12,104
3301.0,-8.351663608053126,5,242,HPNT,TUE,06-12,83
2377.0,-1.1914286703325594,20,564,PNIT,SAT,00-06,149
2640.0,27.203409285913537,0,458,HPNT,THU,12-18,128
585.0,27.38453248676423,20,133,HJNC,SAT,06-12,75
636.0,3.1586787747911593,0,129,HJNC,TUE,06-12,29
2968.0,29.37037555690668,0,258,PNIT,MON,12-18,105
2621.0,24.730232258075652,5,571,HPNT,TUE,00-06,125
2136.0,8.805836770793423,5,248,HPNT,THU,06-12,95
2718.0,23.6782854982267,20,283,PNIT,MON,00-06,127
2251.0,,20,293,HPNT,MON,12-18,134
2717.0,10.653637312940695,50,442,PNC,MON,12-18,213
2287.0,0.7292230529067645,0,495,HJNC,WED,06-12,105
1371.0,32.38174250225701,50,442,HJNC,THU,06-12,147
2869.0,17.16849298534654,0,58,PNIT,WED,12-18,106
3003.0,-5.263067688380863,50,202,HPNT,SAT,00-06,146
1443.0,15.770726713551024,20,159,PNIT,MON,00-06,63
2126.0,12.52614002517344,50,315,PNC,WED,18-24,158
3337.0,28.50150023340035,0,422,HPNT,TUE,12-18,140
3160.0,13.88128353935846,0,201,PNC,WED,06-12,96
3436.0,,20,464,PNIT,FRI,12-18,200
848.0,20.403982873919983,5,375,HJNC,SAT,06-12,92
2176.0,14.415895364101107,50,225,PNC,MON,00-06,128
1696.0,0.4870082720092608,20,574,HPNT,MON,06-12,133
509.0,15.813253607430852,5,364,PNIT,SUN,18-24,75
3287.0,26.969101005035874,5,116,PNIT,SAT,00-06,115
1961.0,-8.71430870241953,0,233,PNIT,SAT,18-24,92
1166.0,18.38829673903003,0,84,HJNC,THU,12-18,45
3093.0,5.731333810297643,20,554,PNIT,TUE,06-12,162
2022.0,3.1702150591740867,20,125,PNIT,SUN,00-06,89
,7.6664487662500065,0,521,HJNC,SAT,06-12,115
1100.0,5.391019891159175,0,572,PNIT,SUN,18-24,106
3152.0,27.45075980187987,0,332,PNIT,SAT,00-06,134
826.0,2.3659014845555255,20,585,PNC,SUN,18-24,118
1479.0,22.99188603979634,0,323,PNIT,THU,00-06,42
2951.0,-5.767308089713508,50,588,HJNC,SAT,12-18,197
1128.0,32.8128367617987,0,103,PNC,WED,12-18,62
2129.0,18.00424867618483,0,104,PNIT,FRI,06-12,107
3265.0,21.802335967005206,20,326,HJNC,FRI,18-24,156
773.0,3.4117699442502953,0,492,HPNT,FRI,18-24,101
1184.0,8.54434559186516,0,467,PNIT,SAT,00-06,104
615.0,0.07002738219393123,0,274,HPNT,SUN,12-18,63
1360.0,31.964123861100077,50,304,PNC,FRI,06-12,198
2503.0,11.964700119561996,5,225,HJNC,TUE,12-18,103
1192.0,18.37016520460955,50,195,PNC,WED,18-24,141
1605.0,23.04224137388219,0,434,HPNT,FRI,06-12,116
2871.0,6.699774099479253,20,311,HPNT,MON,12-18,160
,22.404574454261358,0,580,HPNT,SAT,12-18,171
2292.0,20.41966203903531,50,420,HJNC,WED,00-06,179
653.0,21.754670024327595,20,246,HPNT,TUE,00-06,96
2400.0,12.015345509207581,0,333,HPNT,FRI,18-24,107
1927.0,7.232182203122768,0,351,HJNC,TUE,12-18,89
1789.0,,0,181,HPNT,SAT,00-06,39
814.0,27.10818587604018,0,169,PNIT,FRI,12-18,77
1564.0,17.37575209392554,20,185,HPNT,MON,06-12,112
604.0,9.995848824387274,0,578,HJNC,WED,12-18,104
2424.0,32.479815801977516,20,83,HPNT,SUN,12-18,112
2413.0,-7.847253437183253,0,581,HJNC,MON,18-24,119
1716.0,28.25773753422714,0,257,HPNT,FRI,06-12,110
1924.0,34.89121668256876,20,348,PNIT,THU,06-12,124
2901.0,29.91239498972903,0,571,HJNC,WED,00-06,128
2272.0,26.469646352703137,50,143,HJNC,TUE,06-12,165
,6.843769703284607,0,463,HJNC,FRI,18-24,120
3280.0,0.4091382018032075,0,420,HJNC,MON,00-06,112
2103.0,23.06827342248205,50,458,HPNT,SAT,12-18,210
1208.0,3.705891482985578,0,432,HPNT,SUN,06-12,91
1150.0,,50,490,PNIT,THU,12-18,182
3371.0,25.39366491966161,20,496,PNIT,SUN,00-06,148
1446.0,4.0644643506525,0,120,HPNT,SAT,06-12,62
1160.0,31.14987782693023,5,133,PNC,FRI,00-06,70
2646.0,27.828469016860637,0,258,HJNC,TUE,00-06,106
3135.0,28.14381482791648,5,308,HPNT,MON,06-12,133
2829.0,24.720637672512176,0,288,PNIT,WED,06-12,86
2950.0,29.63966406986315,20,351,HJNC,THU,00-06,172
1632.0,26.258610148015407,20,281,PNIT,FRI,18-24,115
1199.0,17.11301136086279,50,331,PNC,FRI,06-12,169
2746.0,3.3120223361838423,0,443,HJNC,FRI,00-06,136
2538.0,29.969413694636707,20,467,PNC,FRI,12-18,185
2874.0,,20,255,PNC,MON,12-18,164
2701.0,11.27956949947453,0,313,PNC,WED,06-12,101
1051.0,-8.241459129912016,50,360,HPNT,TUE,06-12,129
904.0,18.734467733086106,50,128,PNIT,THU,12-18,137
961.0,-7.723141584553822,50,391,HJNC,SUN,00-06,153
2679.0,31.682598283178322,50,144,HPNT,FRI,00-06,190
3338.0,33.273406548138816,0,400,PNIT,SAT,00-06,135
1373.0,-1.4729434345178092,0,111,HPNT,FRI,18-24,79
583.0,20.437522012470946,0,191,PNIT,WED,06-12,52
1922.0,-5.847894794675676,20,160,HJNC,WED,18-24,92
3301.0,22.828261785790495,0,576,HJNC,MON,18-24,123
3175.0,5.627944976870356,50,206,HJNC,MON,18-24,151
720.0,20.647255027870038,20,588,HJNC,SAT,18-24,136
3100.0,6.779442914098002,0,58,PNIT,SAT,00-06,55
1891.0,-3.449462057504392,0,325,HPNT,MON,06-12,84
611.0,8.274949122615105,0,276,HJNC,THU,06-12,55
1114.0,-4.929691301434449,0,235,HJNC,SAT,18-24,41
2081.0,15.95974737396256,20,265,HJNC,MON,06-12,121
3471.0,-8.15718105327341,50,482,PNC,FRI,12-18,232
974.0,13.729385581993686,0,405,HJNC,MON,00-06,61
3383.0,29.886589119299337,0,441,HJNC,SUN,06-12,136
2413.0,27.70429715537132,0,324,PNIT,THU,00-06,71
,29.725176483192357,5,543,PNC,MON,12-18,119
2968.0,,0,500,PNIT,MON,00-06,136
2420.0,,50,469,HPNT,FRI,12-18,246
3254.0,-4.206375870592912,5,213,PNC,SAT,18-24,109
1890.0,15.065306284090788,5,232,PNIT,FRI,06-12,95
539.0,30.228770079099313,0,359,PNIT,SUN,18-24,41
2482.0,33.84572554358138,20,66,HPNT,SUN,06-12,88
2736.0,-7.918213719700002,50,495,HPNT,FRI,18-24,173
1493.0,6.009833789029706,20,219,HJNC,MON,12-18,112
2512.0,-0.419758540300295,50,329,HJNC,FRI,06-12,196
3083.0,24.018463201906165,50,389,PNC,WED,18-24,186
789.0,18.80872408416644,20,568,PNC,TUE,00-06,108
2980.0,-4.605038583226956,0,60,HPNT,TUE,00-06,78
3018.0,11.758493031423718,5,573,PNC,FRI,18-24,166
3175.0,20.844823506708114,0,182,HJNC,SAT,12-18,89
778.0,25.055242726581696,20,197,HPNT,THU,18-24,79
3424.0,-9.097628059719616,20,128,PNIT,SUN,00-06,120
1080.0,30.07113082927504,0,395,HPNT,FRI,06-12,75
1362.0,15.6176622327736,5,298,PNC,SAT,06-12,87
753.0,26.53591017319571,0,591,HJNC,FRI,18-24,109
680.0,26.357211350642757,50,73,HJNC,MON,06-12,115
1180.0,-1.456630287806389,0,520,PNIT,SUN,00-06,84
1324.0,-5.042254588586511,50,250,PNIT,SUN,06-12,109
1199.0,22.4579271038222,0,180,HPNT,SAT,18-24,55
3113.0,-2.9607886530271417,0,405,HJNC,SUN,18-24,120
1849.0,28.24718711321257,50,199,PNIT,THU,18-24,159
1880.0,22.67852677379473,5,575,PNIT,FRI,00-06,156
2173.0,27.882141396436815,50,353,HPNT,WED,12-18,201
3227.0,3.455570582420574,20,590,HPNT,SAT,06-12,174
2938.0,4.246912718475606,0,99,HJNC,TUE,18-24,71
2138.0,20.204970035584292,0,513,PNC,SAT,12-18,117
2457.0,-8.58493202234736,5,289,PNC,WED,18-24,110
711.0,22.692353585184023,0,531,HJNC,SUN,18-24,71
2038.0,27.610238188457053,0,504,PNC,WED,00-06,109
883.0,8.682361397184682,5,332,HJNC,SUN,00-06,94
2214.0,24.419547353981088,50,384,HJNC,WED,12-18,178
841.0,-2.142508735798213,0,401,PNIT,THU,18-24,77
2338.0,4.50171772187681,50,376,PNC,THU,06-12,157
2487.0,33.84372333997148,20,385,HJNC,SAT,06-12,137
1343.0,34.38476781020568,20,130,PNC,THU,06-12,104
2034.0,13.06722738597146,0,136,PNC,TUE,12-18,104
919.0,32.04214061587446,20,307,HPNT,SUN,00-06,83
3298.0,13.522880512558455,0,234,PNC,MON,12-18,142
2488.0,3.1214657672520794,0,172,HJNC,SAT,00-06,73
2432.0,2.0104679644447323,20,145,PNIT,FRI,06-12,167
2349.0,31.827756741566695,0,564,PNC,FRI,06-12,143
805.0,-2.2399124961763404,0,492,HJNC,SAT,00-06,85
3249.0,16.08346061908182,0,563,HPNT,MON,06-12,140
1368.0,14.998628062822384,0,420,PNC,FRI,12-18,112
3084.0,23.282975809384773,50,354,PNIT,SAT,00-06,202
1635.0,,0,406,PNC,SAT,06-12,86
1934.0,2.252854731866039,0,197,HJNC,WED,18-24,60
705.0,-2.377157516578966,5,334,PNC,TUE,06-12,53
995.0,17.93684615776513,50,311,PNC,FRI,18-24,156
2409.0,,5,540,HPNT,TUE,06-12,118
3051.0,15.628457540691468,0,80,PNC,SUN,18-24,63
1545.0,23.225807470453766,0,317,PNIT,SAT,06-12,60
712.0,-3.631545889751794,0,61,PNC,MON,18-24,4
809.0,29.711158772441095,50,240,HPNT,SAT,00-06,113
3208.0,16.20779787838264,5,449,HJNC,FRI,00-06,177
2491.0,-4.292023289833128,0,586,PNC,TUE,18-24,136
3300.0,10.786634189258077,0,140,PNC,WED,06-12,94
771.0,28.015628203966017,0,550,HPNT,WED,12-18,132
2322.0,30.390298705392205,5,350,HPNT,SAT,12-18,137
3485.0,1.9092277249442677,50,160,HPNT,MON,12-18,197
2579.0,22.006962111970388,20,129,PNC,SUN,12-18,132
942.0,-5.5006638632300495,20,482,PNIT,THU,18-24,108
2709.0,-8.490435786452899,0,466,HPNT,FRI,00-06,121
3314.0,15.217952921897425,0,263,HJNC,SAT,00-06,98
753.0,21.267241069765664,0,496,PNC,WED,12-18,55
1020.0,25.81040290294259,0,67,HJNC,WED,00-06,20
1476.0,5.30973073049006,0,103,HJNC,MON,18-24,70
509.0,-9.706356530700086,0,289,PNIT,WED,12-18,70
3273.0,11.578365670010921,5,467,HJNC,FRI,18-24,143
3052.0,-9.286590458189487,20,535,HPNT,MON,18-24,162
3332.0,-5.860697019814003,0,493,HPNT,TUE,06-12,135
2083.0,4.7010060139286765,0,172,PNC,MON,18-24,91
2983.0,9.672742230207973,0,469,PNIT,SUN,06-12,143
1634.0,2.576124855334186,0,265,PNIT,FRI,12-18,130
652.0,16.183936992711853,0,469,HJNC,SUN,18-24,47
2158.0,-7.509259485185717,20,277,PNIT,FRI,00-06,175
3464.0,-3.493913039218688,20,286,HJNC,TUE,12-18,178
3416.0,21.28662803399451,0,379,HJNC,SAT,18-24,128
3300.0,-3.6036615880937024,0,518,PNIT,MON,18-24,127
2356.0,18.78988407066901,0,536,PNC,FRI,00-06,117
1714.0,-7.5391920660985505,0,598,HJNC,FRI,06-12,125
2252.0,8.332202560361317,0,464,HPNT,TUE,18-24,100
3110.0,-2.0165738445467944,0,268,HPNT,THU,18-24,92
1604.0,-5.066367285916611,0,430,PNIT,MON,00-06,101
3036.0,15.51647525755524,0,136,PNIT,FRI,12-18,133
1394.0,31.77510974025298,50,510,HJNC,WED,18-24,152
1611.0,-7.534582843440303,50,460,HJNC,TUE,06-12,170
603.0,,50,574,HPNT,THU,06-12,142
2414.0,21.839094698544965,50,496,HJNC,THU,00-06,158
1506.0,10.820952425952214,0,349,HPNT,TUE,06-12,82
906.0,26.292317574736032,0,457,HJNC,THU,18-24,72
1901.0,-1.9159607861140735,50,424,PNC,FRI,06-12,197
666.0,33.181739226248325,20,282,PNC,THU,18-24,102
1008.0,7.332318249764324,5,98,HPNT,MON,00-06,51
2161.0,5.37063348249238,20,235,PNC,WED,06-12,115
2860.0,29.357260752642468,0,254,PNC,FRI,18-24,122
1262.0,15.374016435129494,0,127,PNIT,TUE,12-18,80
1180.0,13.239995385626969,5,530,HJNC,WED,18-24,62
3024.0,22.714006378779395,0,435,PNIT,SAT,18-24,102
2620.0,,0,243,HPNT,FRI,00-06,110
1664.0,-2.68679598592981,0,152,PNIT,WED,18-24,51
1081.0,20.338893028921834,0,425,HPNT,THU,00-06,62
761.0,-3.993900432304219,0,336,PNC,SAT,18-24,57
1863.0,26.26359674003279,0,531,PNIT,TUE,18-24,98
1831.0,34.538146897052194,0,299,PNC,TUE,18-24,75
2792.0,6.9824431238649325,0,250,HJNC,MON,00-06,93
2038.0,10.014015419090565,0,585,PNC,THU,18-24,116
1060.0,-7.910485503273446,5,510,HJNC,MON,00-06,78
1599.0,-9.382006536283978,50,349,PNC,MON,12-18,164
2403.0,31.463870069434748,5,527,PNIT,THU,00-06,132
674.0,-4.211917280236357,0,132,PNIT,FRI,12-18,72
2656.0,10.060043640176165,5,507,PNC,SAT,00-06,109
2730.0,26.690958073500262,0,347,HPNT,SUN,00-06,87
691.0,30.019344196774377,0,413,HPNT,MON,18-24,62
564.0,13.372895837756044,0,89,HJNC,WED,06-12,45
1997.0,15.42646362391774,0,389,HJNC,SAT,06-12,96
2067.0,20.135778760847263,5,565,PNC,FRI,18-24,132
3411.0,33.26221115646719,50,157,PNIT,THU,12-18,216
1651.0,17.12014824250273,0,365,HJNC,TUE,18-24,69
2437.0,15.176386675535582,20,163,PNC,FRI,06-12,110
868.0,-9.34596391303042,20,216,HJNC,MON,00-06,106
1350.0,-6.357263408993976,50,310,PNIT,WED,18-24,130
542.0,15.97272319807983,20,273,HJNC,SAT,12-18,96
2407.0,32.13081745132414,0,311,PNC,THU,18-24,87
3035.0,29.001110677972775,0,300,HJNC,TUE,06-12,109
577.0,,0,575,HPNT,SAT,00-06,51
3373.0,13.752531690257332,5,175,HJNC,WED,06-12,97
2324.0,,0,255,PNIT,SUN,06-12,76
1793.0,27.81801491702032,0,189,PNIT,TUE,06-12,85
1173.0,19.16142457988878,5,111,PNIT,THU,06-12,43
1200.0,5.243745689652826,5,332,PNIT,SAT,00-06,69
1258.0,11.149029559600748,0,103,PNC,FRI,06-12,86
2423.0,28.606268250960547,50,395,HJNC,MON,12-18,200
3275.0,3.434656669197377,0,573,HJNC,THU,12-18,141
3472.0,31.568440906999186,0,185,HJNC,WED,06-12,104
1401.0,0.3412853640199298,0,379,HJNC,FRI,12-18,114
3436.0,23.728238682055128,5,193,PNC,SAT,06-12,117
1492.0,18.375165545558225,0,485,PNIT,TUE,00-06,85
1691.0,23.731974850434305,50,331,HJNC,FRI,00-06,163
2886.0,9.680640759466765,0,185,HJNC,FRI,12-18,104
2740.0,31.968847814929305,0,538,PNIT,WED,12-18,132
1976.0,18.461249108516483,50,450,HPNT,MON,06-12,157
2830.0,2.973311204941533,0,498,HPNT,SUN,18-24,112
889.0,18.730478179346466,50,319,PNIT,FRI,06-12,163
1499.0,2.906708624316403,0,66,HJNC,FRI,06-12,47
1024.0,3.2134576291943393,20,318,PNIT,MON,00-06,81
2355.0,7.981933022939057,0,531,HJNC,MON,18-24,108
2006.0,28.359368790610354,0,268,HJNC,TUE,18-24,78
1158.0,12.51340434772964,0,368,HPNT,SAT,06-12,81
3263.0,20.550537900359334,50,287,HPNT,TUE,00-06,193
1390.0,7.638548312350835,0,594,HJNC,MON,12-18,113
1981.0,,0,334,HJNC,SUN,00-06,80
951.0,32.95880723223041,20,86,HJNC,THU,12-18,80
2975.0,17.161156120537818,0,152,HPNT,MON,00-06,94
2037.0,32.02781023622232,5,479,HJNC,TUE,18-24,100
1382.0,-0.8464149010758231,5,288,PNIT,WED,00-06,59
812.0,-3.389762623918026,5,174,PNC,WED,06-12,26
1339.0,28.51203082057566,0,237,PNC,SAT,12-18,66
3066.0,20.641274567776318,50,305,HJNC,FRI,00-06,202
874.0,-1.6039675335861396,50,579,PNIT,SUN,00-06,175
950.0,,0,441,HJNC,WED,12-18,93
1094.0,,20,517,PNIT,TUE,00-06,115
1733.0,10.424087899817124,5,302,HPNT,WED,12-18,102
999.0,20.17432279277409,5,225,HPNT,SUN,18-24,79
963.0,4.3258409961204904,0,515,HJNC,SUN,12-18,108
612.0,7.155347874869452,5,338,HPNT,THU,12-18,83
1535.0,34.582065138039724,0,99,HJNC,MON,18-24,41
2878.0,1.1427689228623343,0,53,PNC,MON,00-06,53
2424.0,12.790536966643131,0,549,PNIT,TUE,00-06,138
639.0,,0,272,PNIT,FRI,18-24,92
1924.0,0.7650446149636085,0,311,PNC,SUN,06-12,76
3449.0,8.684619050794883,0,584,PNC,MON,12-18,184
1016.0,17.679107931649472,50,425,PNC,WED,00-06,147
3116.0,11.653466816379613,0,110,PNC,SUN,00-06,71
2447.0,10.677601995664286,0,405,HPNT,THU,12-18,137
3393.0,6.312937909495563,20,73,PNIT,FRI,12-18,145
2665.0,16.39908474987163,0,342,PNIT,FRI,12-18,141
1387.0,18.096771406562464,20,405,PNC,FRI,06-12,120
1841.0,19.398029340561315,5,78,HJNC,MON,18-24,50
549.0,-6.83343514422868,0,406,HJNC,SAT,06-12,64
518.0,18.3965379070422,5,414,HJNC,FRI,06-12,104
1225.0,32.895673045155476,50,458,HJNC,TUE,12-18,158
2744.0,14.344380598763767,0,315,HPNT,WED,18-24,123
1973.0,22.187018712915993,0,340,PNIT,SAT,00-06,52
,15.052953849164801,20,202,PNIT,THU,12-18,144
951.0,28.46332783663904,5,268,PNIT,WED,18-24,65
2836.0,31.831239256890605,0,222,HJNC,TUE,00-06,92
1664.0,-1.7101045316638324,20,61,PNC,TUE,06-12,92
1607.0,9.658701645070696,20,565,HJNC,SUN,18-24,82
2938.0,7.6571945419724585,50,411,PNIT,SAT,06-12,173
714.0,8.23468054846754,50,526,HJNC,WED,06-12,154
2049.0,-4.351411844745584,5,131,PNC,MON,18-24,97
2762.0,26.61270766913237,0,389,PNC,SUN,00-06,95
627.0,,0,490,HJNC,TUE,18-24,68
2345.0,13.77019734772206,5,275,PNIT,FRI,00-06,132
1259.0,19.784527462011106,20,420,HPNT,THU,12-18,109
2951.0,-0.6638752873505265,20,77,PNIT,THU,12-18,127
2315.0,30.7632586444458,0,65,HPNT,TUE,12-18,81
2885.0,27.734714316115685,0,326,PNIT,FRI,06-12,121
3378.0,11.198767826776638,0,382,HJNC,WED,12-18,143
3261.0,8.501701955306242,50,532,HPNT,THU,06-12,235
860.0,0.645556634499501,0,337,PNIT,FRI,00-06,93
1068.0,22.849695109023365,5,163,HJNC,FRI,18-24,51
1915.0,-4.071529016561613,20,87,PNIT,MON,18-24,73
2765.0,,0,503,PNC,TUE,06-12,137
2097.0,27.91056437532861,20,215,PNC,FRI,06-12,129
2192.0,0.2812209162660668,50,254,PNIT,SUN,06-12,136
701.0,28.989233130444028,0,294,HJNC,WED,00-06,64
2564.0,-8.50045602522212,0,382,PNIT,THU,00-06,89
2869.0,31.07543234239364,5,445,HJNC,SUN,12-18,139
1017.0,-4.6736997466915895,0,556,HPNT,MON,12-18,88
1848.0,19.059163007211467,50,170,PNC,WED,18-24,132
1935.0,1.2537111011273812,0,308,HPNT,THU,12-18,99
1841.0,27.64485760263262,5,459,HJNC,TUE,00-06,98
1180.0,13.053516241195993,50,359,PNIT,WED,00-06,150
2488.0,-3.914146393907439,50,117,PNC,THU,00-06,149
1991.0,15.694620709669032,0,163,HJNC,MON,00-06,50
924.0,8.35471745886424,0,269,HJNC,SUN,18-24,80
2468.0,19.765151747589552,0,269,PNC,THU,18-24,83
2212.0,29.685647814355676,20,522,PNIT,FRI,00-06,146
2934.0,8.42251090325383,0,435,PNC,MON,06-12,78
1277.0,3.044630579023684,0,347,PNIT,WED,12-18,91
2645.0,-9.346820746257604,0,302,PNIT,SAT,18-24,79
2326.0,15.867756703694369,0,454,HJNC,TUE,06-12,110
707.0,8.102364534414509,0,541,PNIT,SUN,12-18,98
2037.0,6.859214855667293,5,406,PNIT,MON,06-12,157
2159.0,-1.767910542210437,20,477,PNC,SUN,00-06,111
3133.0,9.352490533607345,0,264,PNC,MON,12-18,134
2713.0,34.299887911251574,20,429,PNIT,MON,06-12,120
521.0,3.398936915250996,0,263,HJNC,THU,18-24,59
653.0,16.98669860336451,0,147,PNC,FRI,18-24,89
2462.0,,50,577,HPNT,SAT,18-24,186
718.0,23.712102042943926,0,577,HJNC,TUE,12-18,91
1168.0,4.7948429371665835,5,584,PNC,SUN,00-06,96
2018.0,17.488703758258268,50,598,PNC,TUE,00-06,174
2777.0,29.206910837157075,0,377,HPNT,FRI,12-18,177
2567.0,-9.304865752011493,20,214,PNIT,THU,12-18,129
3100.0,9.608046057948844,0,165,PNC,THU,00-06,95
1449.0,0.09230382088573741,20,199,HPNT,FRI,18-24,125
2695.0,7.488453067947752,5,567,HPNT,SUN,00-06,141
902.0,8.719532358885875,0,81,PNC,FRI,00-06,59
1095.0,23.600193415398664,5,342,HJNC,WED,06-12,85
2914.0,-5.778015742205058,20,226,PNC,THU,18-24,140
1937.0,13.06627564096297,20,110,HPNT,SUN,12-18,107
3349.0,15.388765630943539,50,465,PNC,MON,00-06,178
3465.0,12.237092159831196,5,432,HJNC,TUE,18-24,150
1657.0,22.934296387822407,5,56,PNIT,THU,12-18,78
2242.0,,5,134,PNIT,FRI,06-12,105
1806.0,32.52351786380343,0,447,PNC,MON,06-12,100
572.0,11.68115491425236,20,442,PNC,WED,18-24,117
980.0,15.704625932665891,0,96,HPNT,SAT,00-06,35
1059.0,27.148887050603726,0,390,HJNC,WED,12-18,109
1244.0,,0,547,HPNT,MON,18-24,90
1966.0,-6.615908705673889,0,527,HPNT,SUN,06-12,111
599.0,21.850279026311714,50,475,PNIT,SUN,12-18,155
1582.0,,0,475,HPNT,MON,12-18,105
3055.0,,5,564,HPNT,SUN,00-06,151
2805.0,34.22060219250953,50,178,PNIT,FRI,06-12,159
912.0,7.9599207758628125,20,298,PNIT,SUN,06-12,98
1588.0,8.694755731684737,0,180,HJNC,SAT,06-12,65
3142.0,8.35831709925769,50,372,HJNC,FRI,12-18,259
1677.0,4.6049349378916755,0,592,HJNC,TUE,06-12,117
2508.0,25.17591939948788,20,115,PNC,SUN,18-24,104
2813.0,24.154809312082747,0,150,PNIT,SAT,06-12,62
1320.0,11.539019174773617,0,80,PNC,SAT,12-18,55
1161.0,-7.990245262949556,0,240,PNC,TUE,06-12,53
3494.0,3.9301685680883036,50,464,HJNC,WED,06-12,223
1059.0,3.1536370949676886,0,549,PNIT,MON,12-18,118
3464.0,26.498926079011625,20,95,PNC,WED,06-12,106
3438.0,-6.059099196272138,0,138,HPNT,SUN,00-06,98
1771.0,26.255392056921686,0,424,HPNT,SUN,12-18,100
2313.0,20.113264348961437,20,295,PNIT,FRI,06-12,136
3415.0,22.959865660870214,0,306,PNC,THU,00-06,118
,9.449593441326055,20,401,HJNC,SUN,18-24,100
2961.0,20.58766082007912,0,154,PNC,SUN,12-18,87
524.0,17.406302511811212,0,386,HPNT,FRI,06-12,101
2528.0,,20,575,HPNT,THU,12-18,170
783.0,10.104642551071347,5,350,HJNC,MON,00-06,62
1972.0,,50,126,PNIT,MON,12-18,179
3428.0,,5,560,PNC,SAT,18-24,158
800.0,-5.136512785012527,5,279,HPNT,MON,06-12,63
1591.0,9.631000176394277,5,81,PNC,TUE,18-24,31
1530.0,33.73778803669125,50,107,HJNC,TUE,00-06,142
1316.0,-8.310145597297948,5,153,HJNC,THU,12-18,71
582.0,4.220212528987721,0,361,PNIT,WED,06-12,55
2420.0,4.1349418590216835,20,116,HJNC,SAT,06-12,95
2593.0,18.505885365609767,0,423,PNIT,WED,00-06,84
1117.0,-5.238983825913705,5,284,PNC,THU,00-06,75
3475.0,18.284481389548752,5,161,HPNT,TUE,12-18,110
2809.0,-5.723189170677126,0,438,HPNT,FRI,06-12,145
675.0,-5.727085866175105,0,457,PNIT,SUN,00-06,55
1689.0,22.7682510734817,5,103,HPNT,SAT,06-12,54
3204.0,4.586082822475834,0,288,PNIT,THU,12-18,128
1341.0,33.98403264711865,0,344,PNIT,WED,18-24,73
869.0,-8.319117860400029,20,161,PNC,THU,00-06,82
2318.0,10.029799867309734,20,137,PNC,THU,12-18,130
2601.0,-4.908882804668936,0,525,HJNC,MON,18-24,134
1189.0,5.812053504114889,50,353,PNIT,TUE,12-18,164
2279.0,34.92001027740728,0,354,PNC,SAT,00-06,109
1864.0,,0,339,PNIT,MON,12-18,96
1932.0,-7.8254016015071395,5,257,PNIT,TUE,06-12,93
866.0,15.346512972155754,0,419,PNIT,THU,00-06,86
1143.0,19.152003717099607,5,269,PNC,TUE,06-12,84
2926.0,-0.5709419222443444,20,280,PNIT,WED,12-18,124
572.0,-3.470249197159739,0,398,PNIT,SAT,00-06,14
3462.0,30.697151059948553,5,304,HJNC,MON,06-12,125
1771.0,33.596739866751946,20,501,PNIT,SAT,06-12,125
1359.0,34.63517857938388,0,191,HJNC,THU,06-12,60
542.0,25.539279818058553,5,118,PNIT,WED,18-24,41
2924.0,19.857593123236573,20,138,HJNC,TUE,06-12,107
1564.0,5.557861348684906,0,185,PNC,SUN,06-12,68
2717.0,-2.28707594538614,5,572,PNC,TUE,12-18,154
2759.0,-6.445873028519573,50,491,HPNT,WED,12-18,207
2016.0,21.19838608481714,20,87,PNIT,SUN,12-18,109
2586.0,25.312553683071123,5,257,HPNT,TUE,12-18,124
868.0,27.1904143604741,0,259,HPNT,MON,18-24,44
3304.0,31.119425148670935,5,562,HJNC,FRI,12-18,173
650.0,29.59683036372681,5,409,PNC,TUE,12-18,74
1634.0,34.98835725161417,50,50,PNIT,THU,12-18,135
,0.9828804935263076,20,430,PNIT,TUE,06-12,145
1959.0,24.348842684549474,0,586,HJNC,SAT,18-24,109
1570.0,16.390678056865895,5,443,HPNT,THU,12-18,103
1523.0,1.7560309604112074,0,99,HJNC,TUE,06-12,53
2098.0,34.185739502912426,0,445,HPNT,TUE,00-06,80
3284.0,30.40541471484135,5,81,PNIT,THU,18-24,88
2540.0,-4.2167949200147605,0,594,HJNC,MON,12-18,134
1889.0,-8.822874595446107,0,283,HPNT,SUN,06-12,56
568.0,20.97488430497046,50,75,HJNC,SUN,00-06,120
2846.0,17.18587829854408,20,483,PNC,FRI,00-06,169
1443.0,32.111703085001565,5,110,HJNC,FRI,06-12,86
1301.0,0.5302379222166422,20,490,PNIT,SUN,06-12,125
2843.0,-6.2025423447255825,0,179,HJNC,MON,18-24,90
2750.0,1.6646900197393908,20,403,PNIT,TUE,06-12,136
560.0,-9.148256176984145,20,247,PNIT,FRI,12-18,122
1445.0,-8.384826196498041,0,420,HJNC,MON,00-06,91
1837.0,31.16860126643418,0,196,HJNC,MON,12-18,86
1684.0,5.8407462125845235,20,547,HJNC,FRI,12-18,180
830.0,8.486405045435628,0,97,PNC,SUN,12-18,72
2051.0,-9.173275545785302,0,221,PNC,THU,00-06,90
837.0,2.1734801077330967,0,364,HPNT,WED,00-06,67
2129.0,26.212669268364394,5,425,HJNC,SUN,00-06,104
1827.0,17.697093185002363,50,582,HPNT,THU,06-12,189
2026.0,23.920127048888688,20,469,HPNT,SUN,12-18,143
2173.0,10.124618335720328,0,445,PNIT,TUE,18-24,94
1861.0,3.9378149788098504,0,571,HPNT,THU,06-12,103
2073.0,11.726454199776665,0,236,HJNC,SAT,06-12,59
3186.0,4.538198078258803,50,82,PNC,WED,18-24,192
774.0,27.753699350333058,50,118,HPNT,SUN,12-18,126
1687.0,,20,240,HPNT,WED,18-24,104
2866.0,19.68936382038877,0,150,PNC,MON,00-06,82
3136.0,-3.8357999960712474,0,534,HPNT,SAT,12-18,156
3051.0,20.908992218070946,0,334,HJNC,TUE,06-12,98
2934.0,31.09848702200152,5,439,HPNT,MON,00-06,123
2493.0,17.386241958795875,5,209,PNIT,THU,00-06,75
1369.0,15.193492101551474,5,96,HPNT,THU,06-12,72
3380.0,33.25032206097381,50,208,PNIT,FRI,18-24,213
1514.0,18.23284498921309,50,495,PNC,MON,00-06,143
2411.0,1.6797694972887154,0,572,PNC,SAT,00-06,115
1102.0,,50,204,HPNT,MON,12-18,126
2299.0,21.738798914116725,50,388,HPNT,MON,12-18,177
1190.0,23.094646725148387,0,414,PNC,MON,06-12,89
993.0,,0,197,PNIT,WED,06-12,12
989.0,5.540479006684858,0,193,PNC,FRI,06-12,94
3268.0,34.59754289325892,0,152,PNC,SUN,18-24,96
3056.0,-5.412135268887515,0,142,PNIT,TUE,00-06,84
889.0,8.209026279804469,0,335,PNC,TUE,06-12,74
794.0,-7.189861096112164,0,473,HPNT,TUE,12-18,133
1892.0,26.94852628992085,50,168,HPNT,WED,00-06,119
3343.0,-5.844437247455549,0,78,PNC,FRI,06-12,140
3412.0,20.330331040822003,20,560,HPNT,SAT,00-06,178
2217.0,-7.458245919843307,5,79,HJNC,FRI,00-06,89
3096.0,20.2784767014361,50,415,PNC,WED,00-06,196
1148.0,27.936662611746648,5,187,HJNC,SAT,06-12,42
2373.0,7.946968711582581,0,524,PNC,MON,00-06,102
1067.0,13.495692204447959,5,441,PNC,THU,00-06,51
3400.0,8.069378210237712,20,484,HJNC,MON,00-06,136
3317.0,3.5219941384687505,20,283,PNC,TUE,12-18,160
944.0,,0,104,HPNT,MON,06-12,46
862.0,2.2401158178945355,0,341,HJNC,WED,18-24,68
2670.0,22.532454097525118,5,361,PNC,TUE,12-18,136
1711.0,-0.7211314335158985,20,597,HPNT,THU,00-06,135
1241.0,1.243420823524831,0,138,HJNC,SAT,00-06,58
2541.0,5.140752315974552,0,261,HJNC,SAT,18-24,103
1179.0,16.51203698272047,0,367,HPNT,TUE,18-24,73
2967.0,10.449004362179352,0,514,PNC,SUN,12-18,134
2142.0,23.53151644225192,0,136,PNC,SUN,00-06,64
2072.0,-0.3894714848713452,50,458,HJNC,MON,18-24,159
1858.0,-9.519747046802465,0,289,PNIT,SUN,12-18,108
2639.0,24.9450862303349,0,106,PNC,FRI,18-24,79
562.0,26.974220024603262,0,162,PNC,FRI,00-06,65
3059.0,-7.323392660122471,5,119,HPNT,SAT,00-06,99
1662.0,17.490838497127843,0,233,PNIT,FRI,00-06,81
1728.0,7.019305274288506,5,325,PNIT,TUE,00-06,63
3319.0,25.725304483753256,50,282,HJNC,FRI,06-12,175
755.0,29.348654938841534,20,103,HPNT,WED,06-12,61
634.0,28.29516950587621,0,306,HPNT,SAT,06-12,36
1374.0,24.97419113078835,20,139,PNC,THU,12-18,114
1321.0,2.1073502933973334,0,484,HJNC,FRI,12-18,111
2635.0,26.535033960574253,50,457,PNC,WED,18-24,191
1322.0,14.006531415783172,0,318,PNIT,WED,18-24,48
1473.0,-7.625952332555913,5,415,HPNT,TUE,12-18,85
3481.0,10.562248245421202,5,400,HJNC,SAT,18-24,109
2277.0,32.397106266349695,0,348,PNC,TUE,12-18,126
620.0,29.953670738099873,5,208,PNC,THU,06-12,32
2137.0,-5.3981073551297785,0,536,PNIT,THU,12-18,143
1864.0,23.48570085714666,0,575,HPNT,MON,12-18,127
1507.0,26.260678968120565,5,404,PNIT,THU,18-24,80
1424.0,2.212468470654416,0,450,PNC,SAT,18-24,67
1144.0,11.222385683349152,0,454,HPNT,SUN,12-18,126
2532.0,21.99445736586573,5,145,HPNT,SUN,00-06,73
3261.0,9.756866996951654,0,441,PNIT,SAT,18-24,110
3407.0,-4.9241386510040375,5,401,HPNT,TUE,12-18,167
2568.0,21.76471001067747,0,337,PNIT,WED,18-24,119
741.0,31.02374103808866,0,572,HPNT,MON,00-06,79
3002.0,19.36181277827709,20,211,HPNT,SUN,18-24,138
3168.0,24.821033685606523,0,231,HJNC,SUN,12-18,107
2850.0,6.126314104602283,5,598,HPNT,THU,12-18,188
2119.0,-1.7560789693014325,50,131,PNC,WED,00-06,120
1302.0,18.924814772823165,0,573,HJNC,TUE,12-18,99
1463.0,4.74970426285485,0,53,PNIT,FRI,00-06,94
568.0,28.703308354540674,0,544,PNC,MON,12-18,91
1652.0,-4.481737750989704,20,100,PNIT,SAT,12-18,123
695.0,,5,310,PNIT,WED,18-24,55
2687.0,7.852742021077361,50,183,PNC,TUE,18-24,166
2830.0,32.212423409926835,0,411,PNIT,TUE,00-06,97
2859.0,-3.1089339728018253,20,266,HJNC,MON,18-24,122
1245.0,-9.556892874459507,0,117,PNC,MON,06-12,27
2188.0,0.7138345763202913,20,192,PNIT,THU,00-06,102
776.0,26.91245868958945,5,395,PNIT,THU,06-12,59
,-0.5805182778842326,20,243,HPNT,SAT,00-06,106
2413.0,0.8395128667467215,0,295,HPNT,SAT,06-12,82
2599.0,-4.154553795843514,0,363,PNIT,MON,18-24,80
2700.0,,0,433,PNC,MON,18-24,117
2272.0,-6.887161427256228,20,326,HJNC,WED,12-18,119
1834.0,4.904373604783473,0,121,PNIT,THU,06-12,71
2337.0,2.7124426979434038,50,178,PNIT,TUE,12-18,161
3091.0,14.982187840556968,50,407,PNIT,SUN,00-06,186
1066.0,22.8687319258881,5,574,HPNT,SUN,06-12,93
2071.0,13.979439561353633,0,269,PNC,SUN,12-18,94
1121.0,31.896169683878043,20,55,PNIT,THU,00-06,68
2525.0,32.81491874992994,0,277,HPNT,THU,06-12,78
1700.0,6.265939782433193,0,66,PNIT,MON,12-18,54
813.0,24.995616932370176,0,61,PNIT,SUN,06-12,32
3354.0,23.246062247068537,5,548,PNC,MON,06-12,133
3395.0,30.18340662671723,20,551,HPNT,THU,12-18,163
2644.0,10.157463809346648,50,119,HJNC,FRI,18-24,188
3428.0,13.87129342390065,0,157,PNC,FRI,18-24,124
1736.0,8.709844111170831,0,250,HJNC,SAT,12-18,73
3376.0,28.266961368486754,0,101,HPNT,THU,00-06,84
636.0,0.3366041912960469,5,598,HPNT,SUN,12-18,107
1529.0,0.7869085209100106,0,308,HJNC,FRI,12-18,105
2656.0,,50,531,HPNT,SAT,06-12,238
3094.0,0.36542744460580323,0,313,PNC,SAT,18-24,103
1161.0,15.245307638671434,0,352,PNIT,THU,18-24,65
2972.0,-3.9479452077023964,0,174,HJNC,SAT,18-24,123
3177.0,4.40837987318249,20,319,PNIT,MON,18-24,142
2808.0,31.10501143140155,0,529,HJNC,MON,12-18,157
586.0,8.415146608630817,50,181,PNIT,MON,06-12,116
3012.0,23.670517242207914,5,51,PNIT,TUE,18-24,83
2623.0,-4.89420137320417,50,164,PNC,MON,18-24,141
3018.0,1.1404028663803096,50,530,PNIT,SUN,06-12,208
2961.0,26.330552954016582,0,50,HJNC,MON,12-18,121
3372.0,24.33468213303623,5,380,PNIT,THU,12-18,166
3442.0,7.377016336721951,0,440,HPNT,FRI,12-18,154
3273.0,32.94786059150634,50,192,PNIT,SUN,18-24,197
,30.978935712554545,0,377,PNIT,FRI,18-24,125
1808.0,33.30353371005079,20,426,HPNT,MON,18-24,104
2200.0,9.256161058450342,0,139,HPNT,MON,12-18,74
3200.0,-1.1136887341442634,0,91,HJNC,MON,18-24,77
3219.0,18.199638759110346,5,84,HPNT,SAT,00-06,61
994.0,20.814792122563933,50,543,HPNT,THU,06-12,159
2147.0,-4.3551196997265995,20,173,HJNC,THU,00-06,96
2442.0,25.391736543315766,5,106,HJNC,THU,00-06,77
1568.0,-9.187290110801776,0,505,PNIT,FRI,18-24,114
1924.0,11.722777436455253,20,284,PNC,SUN,06-12,83
1096.0,4.89573167727027,20,441,HJNC,SUN,00-06,102
949.0,23.31363769545878,20,541,HPNT,TUE,12-18,151
984.0,4.074232733981717,50,392,PNIT,FRI,12-18,178
1145.0,27.20632007514648,0,225,HPNT,THU,12-18,62
3167.0,16.772906995136474,20,101,HJNC,WED,12-18,140
2129.0,25.725201279293245,5,599,PNC,TUE,06-12,101
1161.0,,5,527,PNIT,MON,12-18,116
1257.0,20.562125558460057,0,538,HJNC,SAT,06-12,95
788.0,34.32276423627398,0,54,HJNC,FRI,06-12,52
1220.0,-8.702365288523259,0,258,HPNT,SAT,06-12,48
1137.0,5.2162994817713795,0,266,PNC,TUE,06-12,38
2782.0,-5.146603094696088,50,585,HJNC,SUN,18-24,187
2963.0,1.80372191229978,50,391,HPNT,WED,00-06,191
3485.0,27.749955460659848,20,450,PNIT,TUE,18-24,167
998.0,-8.545453060325936,0,511,HPNT,FRI,00-06,112
,13.408232107957716,0,260,PNIT,THU,18-24,49
2173.0,15.520791838956786,0,75,HPNT,MON,12-18,82
2530.0,,0,301,PNC,THU,06-12,78
614.0,11.388368322046507,0,52,HPNT,THU,12-18,50
3479.0,25.577133414638993,20,51,PNC,FRI,12-18,175
1173.0,-3.990560972250198,5,51,PNC,THU,12-18,59
2236.0,3.97596569978543,0,199,PNIT,THU,18-24,62
1757.0,17.707672405032774,0,53,HPNT,FRI,12-18,93
2753.0,21.092811482058014,20,546,HPNT,FRI,06-12,195
2794.0,8.186679429967533,0,599,HPNT,WED,06-12,167
3305.0,29.391706849725495,50,517,PNC,THU,00-06,212
646.0,8.697202851316145,0,119,HJNC,TUE,18-24,33
2665.0,8.124926045674993,50,250,HPNT,SUN,06-12,148
911.0,,20,357,HPNT,MON,06-12,78
2187.0,14.801360128763022,0,301,HJNC,SAT,18-24,90
2910.0,21.89063773303573,50,336,PNIT,MON,12-18,185
2032.0,-4.850282641741836,5,341,HPNT,FRI,06-12,137
636.0,,0,203,HJNC,SAT,12-18,53
518.0,25.156562920228346,20,182,HPNT,FRI,06-12,119
2742.0,6.466374593610894,50,323,PNC,SUN,00-06,166
2877.0,0.872110791801795,0,558,HJNC,SUN,12-18,160
2459.0,20.24902986043005,0,402,PNC,WED,06-12,109
2722.0,-1.1458550047754965,50,54,HJNC,THU,18-24,157
1501.0,,50,342,PNIT,FRI,18-24,178
948.0,-5.248072178823657,50,409,PNC,SUN,18-24,134
2448.0,21.79474110272721,0,263,HPNT,FRI,06-12,130
1445.0,12.479691557886884,0,455,HJNC,MON,12-18,131
1877.0,29.14683030786471,0,485,HPNT,THU,00-06,81
2022.0,-4.321220903819353,5,64,PNIT,WED,00-06,71
640.0,20.505271332323954,0,322,HJNC,SUN,06-12,62
3305.0,15.742458763162166,50,94,PNIT,FRI,06-12,192
2420.0,11.60405640080209,20,461,HJNC,FRI,06-12,185
3477.0,12.113326854470078,0,236,PNC,FRI,12-18,141
592.0,22.488963280933888,0,219,HPNT,MON,18-24,60
738.0,32.198374472066995,0,450,PNC,SUN,12-18,85
704.0,-5.893675339642836,5,295,PNC,FRI,12-18,76
3107.0,-9.12238085752659,5,92,PNC,FRI,06-12,96
1956.0,26.256715661654155,0,228,PNC,MON,00-06,72
744.0,-5.13237756021583,0,506,HJNC,FRI,12-18,143
1331.0,34.40135582361907,0,584,HPNT,THU,00-06,111
3472.0,17.870671203147676,50,293,HJNC,THU,06-12,185
794.0,19.28898778643633,0,66,HJNC,MON,12-18,35
3187.0,-1.0498733677892176,50,161,HJNC,THU,18-24,146
1355.0,0.8140539633503501,20,596,PNC,SAT,18-24,133
2564.0,19.670763639466255,20,79,PNIT,SAT,12-18,118
570.0,30.93770770703886,5,241,PNC,SAT,18-24,67
1792.0,34.2075749532905,0,486,HJNC,WED,12-18,109
1848.0,-1.088607401600786,50,228,PNC,FRI,18-24,163
804.0,-3.9646169780594427,5,523,HPNT,WED,06-12,81
1530.0,-7.461938900764428,20,183,HPNT,THU,18-24,88
1837.0,29.073365817259756,0,361,PNC,MON,18-24,52
1316.0,3.2621681085410934,0,74,PNC,SAT,06-12,50
1626.0,-9.918458475883675,0,420,PNIT,MON,06-12,86
1320.0,0.07181387253929827,50,574,PNC,WED,18-24,183
692.0,5.31984860447383,0,368,PNC,THU,00-06,72
2276.0,34.59437762735084,50,279,PNIT,SUN,00-06,174
1028.0,13.559371723568674,0,151,PNC,FRI,12-18,120
2718.0,-0.7878723582204419,0,499,PNC,SUN,18-24,116
750.0,5.066825512105298,5,427,PNC,THU,12-18,62
2288.0,4.86384594005953,0,252,PNC,SAT,06-12,93
3088.0,-9.112341409157104,5,316,PNC,THU,18-24,128
2526.0,,0,511,HJNC,MON,06-12,108
2963.0,21.283840686644503,0,414,PNC,TUE,18-24,80
3341.0,-4.588705604316941,0,153,PNIT,SAT,18-24,107
1903.0,0.3830424472753453,0,160,PNC,SUN,06-12,63
1667.0,5.783178428193896,0,477,HJNC,FRI,18-24,101
2572.0,24.098072502603216,50,518,PNIT,SAT,18-24,184
3215.0,16.20804341905729,20,299,PNIT,SAT,12-18,154
1596.0,21.004999324485574,0,531,PNC,FRI,06-12,121
3179.0,15.515554643907748,20,380,HPNT,SUN,00-06,133
2347.0,20.761659134984107,5,250,HJNC,SAT,00-06,103
1004.0,-9.872103085121239,20,503,HPNT,MON,18-24,130
2121.0,31.890416496714323,0,553,PNC,THU,12-18,156
2883.0,-5.008589610633707,20,595,HJNC,MON,18-24,142
2972.0,8.281209318960716,0,160,HPNT,THU,12-18,124
3046.0,24.696726661018467,0,593,HJNC,TUE,18-24,133
1887.0,9.585382310424077,0,258,PNC,SAT,00-06,79
3494.0,32.607914825038215,20,82,HJNC,TUE,06-12,136
3177.0,11.041502682444502,0,156,PNC,WED,12-18,108
1722.0,29.37227325212021,5,314,HPNT,SUN,18-24,80
1217.0,26.487265101302192,5,275,HJNC,THU,18-24,58
838.0,34.14438362594074,20,536,PNIT,MON,12-18,112
1158.0,31.694650133793893,5,228,PNC,MON,12-18,73
1461.0,30.41557256207954,0,271,HJNC,SAT,00-06,68
928.0,22.922195323376073,0,419,PNIT,MON,12-18,89
1398.0,6.514916627069933,0,216,PNIT,WED,18-24,53
638.0,-5.22435616457939,50,349,PNIT,FRI,00-06,157
3489.0,20.98902735189755,20,430,PNIT,MON,00-06,168
1041.0,34.039433660208424,5,84,PNC,SAT,06-12,49
2604.0,22.6971996799341,0,456,HJNC,TUE,06-12,92
1755.0,31.7928216174801,50,551,PNIT,SUN,06-12,176
3205.0,26.193712082998253,0,363,HJNC,MON,12-18,139
2982.0,-2.659839619749455,5,150,HJNC,MON,00-06,106
883.0,1.214169676607927,5,264,HPNT,MON,12-18,90
3107.0,,0,111,HJNC,SAT,00-06,95
693.0,-2.428280004789814,0,418,PNC,SUN,18-24,73
3081.0,16.174309970285304,0,417,PNC,FRI,12-18,133
3065.0,33.895273586072804,20,143,PNIT,MON,00-06,113
3263.0,24.26564750462714,50,518,HJNC,FRI,06-12,230
3298.0,9.052403708035783,0,75,PNC,FRI,06-12,144
2732.0,-9.79729835588701,20,484,PNC,SUN,18-24,154
2395.0,4.097420501218043,0,170,PNC,SUN,12-18,90
2839.0,13.704167946149685,0,99,PNIT,WED,00-06,65
1231.0,4.5912893233386765,0,85,PNC,TUE,06-12,37
2663.0,,0,459,HJNC,MON,00-06,97
3372.0,9.924423058785255,0,338,PNC,MON,12-18,163
1184.0,1.39637676345723,0,428,PNC,MON,06-12,76
581.0,30.915456940767562,0,149,PNIT,FRI,18-24,78
3381.0,-5.4210462174542915,50,373,HJNC,SUN,18-24,197
2880.0,-7.7881317073880325,50,378,PNC,THU,12-18,210
3104.0,-9.760862388031208,0,270,HJNC,TUE,12-18,105
2882.0,4.763135801854599,0,159,HJNC,SAT,00-06,103
1031.0,19.717407719039986,0,198,PNC,MON,18-24,49
2483.0,22.868618879680668,0,455,PNIT,THU,12-18,147
720.0,10.39677575217754,0,459,HJNC,THU,12-18,96
1134.0,20.794789270487,20,178,HPNT,SUN,18-24,106
2269.0,6.1961316296913544,0,533,PNC,THU,00-06,117
2870.0,20.051279899397763,0,157,HJNC,TUE,00-06,80
2374.0,-8.173180661393197,0,438,HJNC,THU,18-24,122
502.0,7.583884305515188,0,474,HJNC,SAT,18-24,69
2217.0,25.58823549349306,50,496,PNC,MON,18-24,187
705.0,,5,117,HPNT,SAT,18-24,44
2355.0,22.22669504940626,20,115,HJNC,MON,18-24,90
539.0,-0.8092620743561021,20,553,HJNC,WED,12-18,123
2606.0,1.124230351878495,0,553,PNIT,FRI,06-12,158
3498.0,34.82399272690305,0,370,PNC,THU,18-24,131
3121.0,-5.347989675911805,50,496,PNC,SAT,06-12,166
1143.0,-1.8701785493915786,0,259,HJNC,FRI,00-06,93
2030.0,-4.148818495744033,5,419,PNIT,FRI,12-18,148
2407.0,4.744473365762701,0,507,HJNC,FRI,06-12,118
3390.0,-0.5420874144734498,0,212,HJNC,FRI,00-06,141
3166.0,12.395958179649746,50,381,PNC,FRI,00-06,243
2643.0,11.420931809605396,5,399,PNIT,MON,00-06,132
1397.0,,0,517,HJNC,TUE,18-24,54
1585.0,,0,475,PNC,THU,12-18,114
1779.0,4.394580950049351,20,376,HJNC,THU,00-06,103
3108.0,16.84960513986906,20,155,HJNC,MON,18-24,110
3452.0,17.216079282978374,5,304,PNIT,SAT,06-12,113
2895.0,11.605680305639414,0,407,PNIT,MON,12-18,95
1170.0,26.704949336658515,5,493,PNIT,SUN,06-12,59
2005.0,-7.1775022863493545,0,162,HJNC,FRI,06-12,97
2864.0,26.696949451106114,20,79,HPNT,TUE,18-24,108
1218.0,12.263940819606663,0,573,PNIT,THU,06-12,88
1571.0,-3.9807687215349024,5,95,HPNT,SAT,12-18,59
2455.0,29.856586109321498,0,220,HPNT,WED,06-12,75
1659.0,19.215295079343356,0,179,HPNT,MON,18-24,82
749.0,-2.6404440929137323,50,402,PNC,WED,00-06,134
2861.0,-8.485762447043802,20,252,HJNC,THU,18-24,114
2392.0,-3.650065825030783,5,275,PNIT,MON,00-06,111
2353.0,17.39590820811771,0,129,HJNC,THU,06-12,66
3354.0,-1.9316694132978203,0,359,HJNC,MON,00-06,123
2003.0,0.15933836937626467,50,84,PNC,SAT,18-24,140
3032.0,-8.868712340965862,0,210,PNC,THU,18-24,78
1734.0,22.53188025073716,50,484,PNC,SUN,12-18,173
543.0,26.466397989174666,0,587,HJNC,WED,12-18,79
3118.0,25.85816795474554,20,274,HPNT,TUE,00-06,114
1082.0,-4.259433188607209,5,495,HJNC,SAT,00-06,101
1788.0,30.648550732494172,5,366,PNC,SUN,12-18,97
3442.0,20.2525473263336,0,463,HJNC,SAT,06-12,123
719.0,,0,144,PNC,MON,12-18,54
2425.0,10.12222270387986,0,274,PNC,WED,06-12,91
3472.0,9.6629687487664,0,115,PNIT,THU,00-06,70
2948.0,25.30414334082029,5,446,HPNT,WED,00-06,137
3274.0,-5.801596503546541,0,259,PNC,SAT,18-24,122
1490.0,13.439331648569858,0,523,PNIT,MON,18-24,91
3446.0,27.637290603405155,5,539,HPNT,WED,06-12,106
2312.0,,50,229,PNC,SUN,06-12,141
1357.0,33.02597853540661,0,573,HPNT,THU,12-18,119
1303.0,21.42226670887459,0,508,HPNT,FRI,06-12,122
989.0,-0.6503216752122238,0,117,HJNC,SAT,00-06,37
2280.0,-9.087385829743862,20,378,PNIT,TUE,00-06,139
1993.0,11.573710938219588,0,251,HPNT,TUE,00-06,66
3485.0,13.116673953014999,0,524,HJNC,SAT,18-24,146
3391.0,0.8118163024519163,0,567,HPNT,FRI,06-12,164
2205.0,-4.388614879437856,0,64,HJNC,MON,06-12,52
2814.0,16.379367478572902,20,91,PNC,WED,18-24,116
553.0,24.391505331086357,20,592,PNC,WED,18-24,109
3075.0,34.69193466155723,20,338,HJNC,FRI,18-24,178
1115.0,24.12361777447333,5,582,PNC,SUN,00-06,141
1582.0,25.71345864150114,5,293,PNC,FRI,06-12,94
2348.0,17.740739520295886,0,223,PNC,THU,12-18,112
1454.0,34.3665196536508,0,583,HPNT,THU,12-18,126
2933.0,18.79803733015567,20,558,HJNC,TUE,06-12,181
2129.0,28.711397887986692,5,293,PNIT,MON,06-12,103
3281.0,32.560309080843005,0,109,PNIT,MON,18-24,110
3263.0,,5,153,HJNC,SUN,18-24,83
1149.0,7.163690470251044,0,352,HPNT,FRI,00-06,79
2847.0,-6.46020737585836,5,126,PNC,TUE,18-24,72
894.0,-2.265683385733893,0,67,PNC,TUE,06-12,32
1859.0,-7.334951257152664,20,583,HPNT,THU,00-06,156
3140.0,-5.257137932688699,20,233,PNIT,WED,12-18,170
3061.0,-1.6906939347836065,20,599,HJNC,SUN,06-12,155
2943.0,5.349244246433079,0,330,HJNC,MON,12-18,120
870.0,14.459284095878413,0,337,HPNT,SUN,06-12,43
1357.0,22.02569267097887,0,574,PNC,TUE,06-12,95
1290.0,-0.5082698752069632,0,523,PNC,THU,00-06,85
1157.0,20.263508190716273,50,316,PNC,THU,00-06,136
3283.0,,0,406,HJNC,THU,18-24,133
1892.0,15.138005158978526,0,50,PNIT,SUN,06-12,58
883.0,30.66280414094198,5,76,HJNC,WED,06-12,23
2609.0,-5.005233373518521,20,597,HPNT,TUE,00-06,113
3052.0,,20,209,HJNC,FRI,12-18,180
738.0,9.289917097526818,20,448,HPNT,FRI,18-24,133
694.0,,0,592,HJNC,THU,06-12,88
3225.0,15.483326467583936,20,176,PNIT,THU,00-06,125
2608.0,7.928020997424099,0,259,HPNT,WED,06-12,70
1652.0,2.806810754116329,5,199,PNC,THU,00-06,67
3232.0,-2.350458414206323,20,80,PNC,SAT,18-24,108
2515.0,5.0902207256694645,0,351,HJNC,TUE,12-18,114
655.0,,5,306,HJNC,THU,06-12,74
1422.0,15.910334490023523,20,106,PNIT,THU,06-12,70
3415.0,-2.636919990539478,0,58,PNIT,TUE,18-24,66
3450.0,-4.3786085166714965,20,54,PNC,MON,12-18,154
2109.0,-8.799545682600737,50,163,HJNC,SAT,06-12,132
1474.0,-9.440848279273048,0,254,HPNT,SAT,18-24,82
,29.591469607385832,5,73,PNIT,FRI,06-12,121
2935.0,-7.9710014797574535,0,542,HPNT,THU,06-12,145
,22.904949944296085,0,455,HPNT,TUE,18-24,111
3434.0,29.239329331023065,0,152,PNIT,FRI,18-24,120
1337.0,-5.587396814689408,50,109,HJNC,SUN,00-06,136
2507.0,9.633564072485793,0,135,HPNT,SUN,00-06,73
1863.0,,5,421,HJNC,WED,06-12,118
2887.0,27.53623972356133,0,251,HPNT,SUN,18-24,102
703.0,12.036681433603476,0,138,HJNC,SUN,12-18,63
660.0,24.31570007561988,20,486,HJNC,MON,12-18,122
891.0,27.501993099424872,50,169,HJNC,THU,06-12,112
1268.0,5.661213343492367,0,205,HJNC,MON,00-06,55
3122.0,30.146881259148238,0,448,PNIT,THU,18-24,121
3081.0,11.171299385472054,5,237,HPNT,THU,18-24,98
1593.0,13.751331360147347,5,101,HJNC,THU,00-06,63
3440.0,34.986843701982394,20,580,PNC,MON,18-24,181
904.0,27.948633476847256,5,529,HPNT,SAT,06-12,92
1107.0,6.279650259784102,20,279,HPNT,WED,18-24,82
,,0,530,HJNC,SAT,18-24,63
2040.0,18.17783332072526,0,179,HPNT,TUE,00-06,86
3375.0,21.676104175764852,0,104,PNC,TUE,00-06,86
2337.0,19.286121056452085,0,320,PNC,SUN,12-18,111
1189.0,33.55380580234459,0,149,PNC,SAT,06-12,56
3449.0,28.83369622994649,50,118,HPNT,WED,00-06,173
1740.0,10.197426193129182,50,348,HPNT,SUN,00-06,165
2603.0,-7.1714130637428575,0,578,HJNC,WED,00-06,134
865.0,11.422644627589861,0,403,HPNT,THU,18-24,78
2222.0,21.01598089829104,5,201,HPNT,THU,06-12,35
954.0,,20,379,HJNC,TUE,06-12,102
603.0,14.216168046989818,50,165,PNC,THU,18-24,117
576.0,,0,591,HJNC,SUN,18-24,76
729.0,3.2192842862323836,20,372,PNIT,THU,00-06,98
2437.0,2.4806042776083164,0,278,HPNT,WED,12-18,106
2878.0,12.510416551661084,0,409,HPNT,MON,12-18,119
1705.0,-2.772858410665794,0,54,PNIT,SAT,06-12,68
1392.0,5.33084406086607,0,77,PNIT,FRI,12-18,100
2073.0,4.579067361954481,0,413,PNIT,FRI,00-06,125
3235.0,16.42097607128904,0,511,HJNC,THU,18-24,94
2574.0,-6.999296483663894,5,280,PNC,THU,06-12,128
,27.33509061192928,0,444,HJNC,SAT,06-12,69
798.0,15.307027117298095,5,320,PNIT,FRI,18-24,103
1456.0,20.18720063491709,0,353,HJNC,WED,12-18,105
3346.0,21.639225669174476,0,432,HPNT,FRI,06-12,174
1614.0,3.1167861579141416,20,77,HJNC,FRI,18-24,95
3027.0,11.166720532318994,0,568,PNIT,SUN,18-24,115
3120.0,33.03106801413502,50,248,HPNT,FRI,12-18,234
3005.0,24.501735709856668,0,131,PNC,THU,12-18,112
1974.0,33.63005938504334,0,137,HJNC,SUN,00-06,88
864.0,23.581445531582972,0,439,HJNC,THU,12-18,107
3406.0,-2.0979937131167166,50,500,PNIT,SAT,12-18,218
2198.0,-7.095885226989569,20,482,PNC,FRI,18-24,160
850.0,15.994764652384863,5,423,HPNT,THU,06-12,84
2800.0,6.10159758661743,20,484,PNIT,SAT,18-24,121
3328.0,2.3956059562176595,0,236,PNIT,FRI,00-06,138
2404.0,26.32449483914379,50,439,HJNC,WED,18-24,186
3350.0,6.514697018687631,5,267,PNC,THU,00-06,99
1511.0,4.265043638043677,50,157,PNIT,MON,12-18,147
,28.249441692605465,20,599,HJNC,SAT,06-12,130
3464.0,28.082930141890706,0,398,HPNT,THU,06-12,133
998.0,6.036498698977546,0,571,PNIT,WED,18-24,93
1449.0,27.46244154436848,5,75,HPNT,WED,06-12,34
2494.0,28.28503206496972,5,97,HPNT,THU,00-06,61
2546.0,9.076874076334981,5,419,HJNC,TUE,00-06,103
1007.0,-7.00870914058728,0,63,PNC,SAT,12-18,69
1827.0,-9.928690999014695,20,236,HPNT,FRI,18-24,137
3048.0,13.548160830004775,5,573,PNIT,FRI,12-18,173
3350.0,5.483397201666007,0,328,PNC,WED,06-12,100
3145.0,34.87093523712647,5,390,PNC,THU,12-18,140
665.0,24.75849498322779,5,377,HJNC,TUE,06-12,56
3009.0,24.25739553576856,50,74,PNIT,SAT,00-06,144
1419.0,32.985924572930465,5,578,PNIT,MON,18-24,114
613.0,29.947597905199437,0,475,HJNC,FRI,18-24,81
1491.0,4.318436575537492,20,78,HJNC,SUN,12-18,95
2451.0,-2.530575027825564,0,372,PNC,SAT,06-12,92
2754.0,23.5651519279467,0,362,HPNT,SAT,00-06,100
1758.0,7.0223252157292855,5,319,HPNT,TUE,06-12,88
1014.0,11.292769323393042,50,344,HPNT,SAT,12-18,168
1731.0,,0,272,HPNT,FRI,06-12,113
1208.0,30.85427046208583,0,124,PNIT,THU,00-06,41
2685.0,8.85894891519347,0,151,PNIT,FRI,12-18,126
838.0,25.24926005987126,0,581,HJNC,MON,00-06,90
3084.0,2.0752906073595856,5,222,HJNC,THU,12-18,124
567.0,21.408730591562612,0,53,HPNT,WED,18-24,35
2096.0,-9.928926051493965,0,528,HJNC,TUE,06-12,111
,29.217824607078562,0,444,PNIT,FRI,00-06,113
882.0,,0,216,HPNT,THU,00-06,77
518.0,22.07391896431629,20,349,HPNT,SAT,06-12,85
3230.0,-7.918381483242225,5,167,PNIT,THU,00-06,109
2621.0,1.9810564727301543,0,561,PNC,FRI,00-06,157
1072.0,12.37410816004489,0,224,HPNT,WED,00-06,57
3486.0,8.897240840670719,5,208,HJNC,FRI,18-24,141
1799.0,-1.3673748429545238,50,433,PNC,WED,00-06,178
2758.0,5.021671026915682,50,276,PNIT,SAT,18-24,164
